dim,icc,sd,SEM,MDC,stream
0,0.98474264,0.05623309,0.0069459495,0.019253189770782428,acc_mean
1,0.97264874,0.024159584,0.0039955643,0.011075139197463172,acc_mean
2,0.9698209,0.0394174,0.0068476414,0.018980693668128996,acc_mean
3,0.9830449,0.059032485,0.0076867184,0.0213064962750287,acc_mean
4,0.9635876,0.021846255,0.0041687107,0.011555076451346237,acc_mean
5,0.9889053,0.0633186,0.006669433,0.01848672470104722,acc_mean
6,0.96563107,0.01815059,0.0033649125,0.009327061500392702,acc_mean
7,0.92380446,0.017145386,0.0047327336,0.013118468225577898,acc_mean
8,0.98605436,0.03530974,0.004169786,0.011558056786713344,acc_mean
9,0.95355326,0.020785116,0.0044795056,0.012416556006591827,acc_mean
10,0.98592013,0.044794027,0.0053151976,0.014732976171835619,acc_mean
11,0.9855108,0.057635263,0.0069376132,0.01923008281376989,acc_mean
12,0.76701415,0.009397157,0.0045358767,0.012572808703950205,acc_mean
13,0.8952666,0.011875098,0.0038430835,0.010652484015150846,acc_mean
14,0.9889335,0.056132633,0.005905008,0.01636784694648289,acc_mean
15,0.9600412,0.023917725,0.0047810795,0.01325247618507715,acc_mean
16,0.98311085,0.081476435,0.010588538,0.029349929656153476,acc_mean
17,0.9883005,0.04798583,0.0051903496,0.01438691522123377,acc_mean
18,0.97024655,0.034165725,0.00589331,0.016335422085176226,acc_mean
19,0.95182467,0.022760779,0.004995736,0.013847473229040183,acc_mean
20,0.95548224,0.026939137,0.0056839506,0.01575510729101867,acc_mean
21,0.97219014,0.033220496,0.0055399453,0.015355944999142338,acc_mean
22,0.92804235,0.012371063,0.003318528,0.00919849016824999,acc_mean
23,0.97377014,0.085739374,0.013886035,0.038490126452373596,acc_mean
24,0.98592126,0.04858596,0.005764911,0.01597951789615534,acc_mean
25,0.9800851,0.028377421,0.004004629,0.01110026488315226,acc_mean
26,0.9847867,0.05853357,0.0072196624,0.02001188325141181,acc_mean
27,0.9812005,0.04189209,0.005743875,0.01592120968053226,acc_mean
28,0.958069,0.030046491,0.006152636,0.017054236639213082,acc_mean
29,0.973608,0.04235415,0.00688069,0.019072299290190036,acc_mean
30,0.979862,0.03715301,0.0052723284,0.0146141486905748,acc_mean
31,0.9685801,0.05017669,0.0088941455,0.024653313504752618,acc_mean
32,0.9529203,0.027005142,0.005859536,0.016241805478922046,acc_mean
33,0.9879329,0.056757875,0.006234867,0.017282169693555834,acc_mean
34,0.967562,0.027479885,0.0049492773,0.013718696668087005,acc_mean
35,0.98875755,0.08062025,0.008548199,0.02369439931292981,acc_mean
36,0.9761772,0.029655177,0.0045771673,0.012687260552082183,acc_mean
37,0.9720677,0.031711247,0.005299886,0.014690535111980338,acc_mean
38,0.9835597,0.03823663,0.004902686,0.013589552244171667,acc_mean
39,0.9879922,0.06285313,0.0068874448,0.01909102286959032,acc_mean
40,0.9828965,0.025962932,0.0033954408,0.009411681598414427,acc_mean
41,0.9831585,0.06592007,0.008554757,0.023712575615502177,acc_mean
42,0.97217524,0.046950348,0.007831672,0.02170828781902404,acc_mean
43,0.9788309,0.0327783,0.004769116,0.013219315597846166,acc_mean
44,0.9896194,0.05512475,0.0056164046,0.015567879241499254,acc_mean
45,0.97926146,0.043525778,0.006268096,0.017374276125544305,acc_mean
46,0.7806649,0.008664573,0.0040578987,0.011247921203921235,acc_mean
47,0.98963195,0.09567214,0.0097416835,0.027002568988924013,acc_mean
48,0.8928601,0.012554844,0.0041094804,0.011390898565960992,acc_mean
49,0.98663217,0.107641816,0.012445476,0.034497099200617914,acc_mean
50,0.9814799,0.053415913,0.007269299,0.020149469162248274,acc_mean
51,0.9611513,0.018947823,0.0037346296,0.010351865111727157,acc_mean
52,0.9677904,0.027895553,0.005006422,0.01387709329660379,acc_mean
53,0.9769347,0.015072601,0.002289117,0.006345108826999524,acc_mean
54,0.9857969,0.06409826,0.0076390156,0.021174270837461873,acc_mean
55,0.9627286,0.03363633,0.0064937617,0.017999789015652485,acc_mean
56,0.98811406,0.093377374,0.01018025,0.028218212805916836,acc_mean
57,0.9639316,0.02311171,0.0043893014,0.012166522778080344,acc_mean
58,0.9622281,0.0242865,0.0047200783,0.013083389587954743,acc_mean
59,0.9428207,0.029236004,0.0069909682,0.01937797534128299,acc_mean
60,0.5997239,0.006574858,0.00415974,0.01153021149659875,acc_mean
61,0.8405428,0.008619439,0.0034419224,0.00954052205135577,acc_mean
62,0.97711307,0.032968596,0.00498763,0.01382500519190929,acc_mean
63,0.9901288,0.0613989,0.0061002164,0.016908937222896398,acc_mean
64,0.8050949,0.0070111896,0.0030953041,0.008579745311271923,acc_std
65,0.9000678,0.008983901,0.0028399955,0.007872066033636984,acc_std
66,0.96902084,0.02283352,0.0040189046,0.011139835321155462,acc_std
67,0.8017675,0.010341052,0.004604178,0.012762130345485836,acc_std
68,0.9848236,0.0281394,0.0034665656,0.009608829685813398,acc_std
69,0.98578537,0.020074796,0.0023934206,0.0066342233003119,acc_std
70,0.9682189,0.0077112797,0.001374709,0.0038104988129212566,acc_std
71,0.8582297,0.005543113,0.002087115,0.0057851878391651755,acc_std
72,0.97269166,0.023941394,0.0039563724,0.010966504747122251,acc_std
73,0.8277968,0.0066119246,0.0027437748,0.007605355705467335,acc_std
74,0.9559789,0.009818267,0.0020599915,0.0057100050395568775,acc_std
75,0.9668539,0.016013512,0.0029154306,0.008081161277449097,acc_std
76,0.96743065,0.017203871,0.0031047792,0.008606008790649234,acc_std
77,0.9408154,0.013705972,0.0033343735,0.009242411715184558,acc_std
78,0.90420127,0.009849286,0.0030484886,0.008449979392562621,acc_std
79,0.89156806,0.0080614565,0.0026545576,0.007358058215721804,acc_std
80,0.9590271,0.014969452,0.0030300808,0.008398955508963912,acc_std
81,0.9124173,0.015789349,0.004672759,0.01295222772611009,acc_std
82,0.98325235,0.041705202,0.005397184,0.014960230293132419,acc_std
83,0.9465258,0.0050651017,0.0011712788,0.003246619103315181,acc_std
84,0.98462284,0.018720847,0.0023214729,0.006434794462547542,acc_std
85,0.95587134,0.011436408,0.002402426,0.006659185061102061,acc_std
86,0.92808217,0.007735911,0.0020745778,0.0057504364059662565,acc_std
87,0.7811213,0.007238465,0.0033864777,0.009386837295622709,acc_std
88,0.9622381,0.011781648,0.0022894603,0.006346060107712195,acc_std
89,0.8313738,0.006299842,0.0025869748,0.007170728197170775,acc_std
90,0.9090273,0.008950861,0.0026997305,0.007483271023557364,acc_std
91,0.89859414,0.0077561247,0.0024698824,0.006846164641778613,acc_std
92,0.97654754,0.019773776,0.003028195,0.008393727982659546,acc_std
93,0.8144337,0.0054640537,0.0023537728,0.006524325208427282,acc_std
94,0.9793644,0.030965222,0.0044481843,0.012329737766027797,acc_std
95,0.8380499,0.011018663,0.0044342433,0.012291095375287022,acc_std
96,0.8875805,0.01118351,0.0037497208,0.010393695648139975,acc_std
97,0.9491516,0.013106185,0.0029553915,0.008191927396849687,acc_std
98,0.8610605,0.00982131,0.003660853,0.010147366864194797,acc_std
99,0.8139268,0.005975735,0.002577705,0.007145033937324385,acc_std
100,0.94677526,0.009178316,0.0021174825,0.005869361984016984,acc_std
101,0.9837663,0.023721155,0.003022347,0.008377518778874302,acc_std
102,0.9130128,0.007483645,0.0022071956,0.006118034119568478,acc_std
103,0.9742042,0.016353508,0.0026265495,0.007280423641739396,acc_std
104,0.93027955,0.007683611,0.0020288292,0.005623627589173821,acc_std
105,0.9225651,0.013767909,0.0038312133,0.010619581577366992,acc_std
106,0.950782,0.011242546,0.0024941736,0.006913496471326093,acc_std
107,0.97000957,0.017867155,0.0030941886,0.008576653326268934,acc_std
108,0.9310064,0.009022217,0.0023698332,0.006568842435211099,acc_std
109,0.96564424,0.014241375,0.0026396825,0.007316826586026324,acc_std
110,0.92139643,0.013263858,0.0037186984,0.01030770606730123,acc_std
111,0.8352362,0.009740892,0.003953936,0.010959751557585351,acc_std
112,0.9455483,0.010176562,0.0023746893,0.006582302992758035,acc_std
113,0.8616599,0.010326992,0.0038410316,0.010646796337456972,acc_std
114,0.7981229,0.008291696,0.0037255203,0.010326615514303446,acc_std
115,0.8582049,0.008470051,0.0031894562,0.008840721494847215,acc_std
116,0.95315,0.010626909,0.0023001803,0.0063757743998240045,acc_std
117,0.9712404,0.01623446,0.002753146,0.007631331348211096,acc_std
118,0.8309885,0.007986889,0.0032834904,0.009101371119371886,acc_std
119,0.9703139,0.023426766,0.00403635,0.01118819187559171,acc_std
120,0.9395003,0.016564643,0.004074354,0.011293533629734497,acc_std
121,0.9705704,0.016894037,0.0028981825,0.008033351999840763,acc_std
122,0.9566164,0.01242229,0.0025874053,0.007171921492990129,acc_std
123,0.9733652,0.02461984,0.004018001,0.011137329980771073,acc_std
124,0.9423967,0.012705349,0.0030493713,0.008452426003947789,acc_std
125,0.98445153,0.020619217,0.0025710824,0.007126676930139026,acc_std
126,0.9131468,0.013122473,0.0038673065,0.010719626750228304,acc_std
127,0.8880424,0.009398813,0.003144849,0.008717076944902964,acc_std
128,0.3897183,0.0050022486,0.003907783,0.010831821726818756,gravity
129,0.3897183,0.0050022486,0.003907783,0.010831821726818756,gravity
130,0.3897753,0.004911991,0.0038370942,0.010635882424205967,gravity
131,0.38976684,0.0048044175,0.0037530873,0.01040302710528008,gravity
132,0.38966313,0.0046977,0.0036700342,0.010172815882066415,gravity
133,0.38945818,0.004591834,0.0035879293,0.009945232620224525,gravity
134,0.3891466,0.0044868467,0.00350679,0.009720325722775747,gravity
135,0.38870963,0.0043828636,0.0034267444,0.009498450790583502,gravity
136,0.3881352,0.004279971,0.00334787,0.009279822087688907,gravity
137,0.38743356,0.0041782777,0.003270197,0.009064523512662279,gravity
138,0.38656992,0.004077761,0.003193775,0.008852692530084215,gravity
139,0.38552397,0.00397851,0.0031186952,0.0086445821264129,gravity
140,0.384325,0.0038808184,0.0030450826,0.008440538221907488,gravity
141,0.38293016,0.0037845583,0.0029729141,0.008240497569953433,gravity
142,0.38130772,0.0036897908,0.0029022787,0.008044706057899125,gravity
143,0.37948155,0.0035968085,0.0028333138,0.007853545101552699,gravity
144,0.37744823,0.0035056595,0.0027660339,0.007667054714078456,gravity
145,0.37514088,0.00341627,0.0027004941,0.007485387849023824,gravity
146,0.37255818,0.0033288472,0.0026368205,0.007308893653516043,gravity
147,0.36979336,0.0032437327,0.0025750552,0.0071376889401799405,gravity
148,0.36671567,0.0031606867,0.002515248,0.00697191181896973,gravity
149,0.36330128,0.0030798782,0.0024575398,0.006811952740924194,gravity
150,0.3597222,0.0030017218,0.0024018984,0.006657722644484073,gravity
151,0.3558464,0.0029260493,0.0023484232,0.006509497104184179,gravity
152,0.35162425,0.0028529915,0.0022972794,0.006367733689919547,gravity
153,0.34720054,0.0027828226,0.0022484097,0.006232273639780192,gravity
154,0.3426076,0.0027155853,0.0022017895,0.0061030491895362445,gravity
155,0.33770514,0.0026513673,0.0021577226,0.005980901906385345,gravity
156,0.3325674,0.0025903753,0.002116247,0.005865937631600815,gravity
157,0.32749975,0.0025326044,0.0020768906,0.005756846902112093,gravity
158,0.3222226,0.002478257,0.0020402807,0.00565536964519283,gravity
159,0.31676996,0.0024275624,0.002006568,0.005561922772200139,gravity
160,0.3115851,0.0023802302,0.0019748954,0.0054741306628468146,gravity
161,0.30643207,0.0023366008,0.0019459381,0.005393865223311351,gravity
162,0.30128956,0.0022969677,0.0019200101,0.005321996417230575,gravity
163,0.29648075,0.0022609865,0.0018964263,0.005256625555420849,gravity
164,0.29208452,0.002228579,0.0018750754,0.005197443826606048,gravity
165,0.28790984,0.0022003837,0.0018568033,0.005146796195826529,gravity
166,0.28410956,0.0021762887,0.0018413645,0.0051040021166023,gravity
167,0.28109437,0.0021551028,0.0018272751,0.005064948300180163,gravity
168,0.27847847,0.0021381732,0.0018162162,0.005034294344080804,gravity
169,0.27630827,0.0021256004,0.0018082497,0.005012212563060179,gravity
170,0.27503034,0.0021154187,0.0018011763,0.004992606112550714,gravity
171,0.27432826,0.0021089686,0.0017965537,0.004979792864742455,gravity
172,0.2741342,0.0021066652,0.0017948315,0.004975019036091418,gravity
173,0.27467215,0.0021069993,0.0017944508,0.004973963850226277,gravity
174,0.2759202,0.0021097003,0.0017952047,0.004976053570000788,gravity
175,0.27763885,0.0021161865,0.0017985856,0.004985425040305197,gravity
176,0.27986908,0.0021258236,0.0018039851,0.005000391577189322,gravity
177,0.28282458,0.0021359806,0.0018088811,0.005013962493624906,gravity
178,0.28614616,0.0021494776,0.0018160908,0.005033946810387606,gravity
179,0.28979516,0.002166252,0.0018255797,0.005060248689495176,gravity
180,0.29400188,0.00218271,0.0018339936,0.005083570878609257,gravity
181,0.29850003,0.0022013609,0.0018437629,0.005110650110239495,gravity
182,0.3031926,0.0022228158,0.0018554952,0.00514317016415479,gravity
183,0.30818236,0.002244684,0.0018670288,0.005175139714374083,gravity
184,0.31343108,0.0022667355,0.0018782048,0.0052061179707163984,gravity
185,0.31875613,0.002291156,0.001891063,0.005241759051447486,gravity
186,0.3241652,0.0023170484,0.0019048263,0.005279909022117861,gravity
187,0.32980558,0.0023409533,0.0019164308,0.005312075088603781,gravity
188,0.33543134,0.0023668557,0.0019294864,0.005348263446162782,gravity
189,0.3410141,0.0023946913,0.0019439614,0.005388386001296033,gravity
190,0.34673563,0.0024200196,0.0019559753,0.005421686957288894,gravity
191,0.35241917,0.002446173,0.0019684944,0.005456388051345623,gravity
192,0.358003,0.0024739648,0.0019822572,0.005494536731268762,gravity
193,0.3635851,0.0025006298,0.0019948927,0.005529560512134402,gravity
194,0.36916012,0.0025260523,0.002006328,0.005561257392000164,gravity
195,0.3745995,0.0025528779,0.0020188738,0.005596032704022941,gravity
196,0.37992662,0.0025801389,0.0020317235,0.005631650228616979,gravity
197,0.3852842,0.0026040664,0.0020416873,0.005659268347218099,gravity
198,0.39048508,0.0026292135,0.0020526648,0.005689696422551221,gravity
199,0.39551964,0.002655544,0.0020646413,0.005722893796078422,gravity
200,0.4005563,0.0026783335,0.002073666,0.005747909122878861,gravity
201,0.4054585,0.002701266,0.0020828522,0.005773371693596453,gravity
202,0.410185,0.0027252466,0.0020929736,0.005801426730136839,gravity
203,0.4148288,0.002747425,0.0021016838,0.0058255701571796,gravity
204,0.4193934,0.002767754,0.0021089606,0.005845740664231042,gravity
205,0.4237775,0.0027890292,0.0021171332,0.00586839392359025,gravity
206,0.4280075,0.00281029,0.0021254276,0.005891384713351579,gravity
207,0.43220744,0.0028277484,0.0021307652,0.0059061799035401725,gravity
208,0.43622485,0.002846075,0.0021369744,0.0059233907271802775,gravity
209,0.44005597,0.0028652528,0.0021440517,0.005943008149041245,gravity
210,0.44384265,0.0028806014,0.0021482361,0.005954606803700762,gravity
211,0.44747376,0.0028958283,0.0021525302,0.005966509429334272,gravity
212,0.45091757,0.0029118531,0.002157686,0.005980800582727346,gravity
213,0.45425206,0.0029258996,0.0021615012,0.005991375674828995,gravity
214,0.45747972,0.0029379546,0.0021639792,0.005998244386243486,gravity
215,0.46051905,0.0029507657,0.0021673187,0.006007500980043922,gravity
216,0.4633928,0.0029634207,0.0021708086,0.006017174485201472,gravity
217,0.4662011,0.0029722892,0.0021716005,0.006019369400875688,gravity
218,0.46881938,0.0029818874,0.0021732633,0.006023978659254181,gravity
219,0.47124568,0.0029922088,0.0021757996,0.006031008714073127,gravity
220,0.4735963,0.0029988158,0.0021757514,0.006030875121734238,gravity
221,0.47577816,0.003005248,0.0021758946,0.006031272026509199,gravity
222,0.47776535,0.003012387,0.0021769258,0.006034130386262537,gravity
223,0.47962442,0.003017634,0.0021768324,0.00603387159144179,gravity
224,0.48135573,0.0030209862,0.0021756224,0.006030517584749964,gravity
225,0.48288926,0.0030250372,0.0021753167,0.006029670209189762,gravity
226,0.484246,0.0030289409,0.0021752645,0.00602952564549937,gravity
227,0.48551527,0.0030293297,0.0021728652,0.0060228750703677034,gravity
228,0.48658347,0.0030304152,0.0021713863,0.006018775657147291,gravity
229,0.4874485,0.003032194,0.0021708296,0.006017232568827076,gravity
230,0.48822513,0.003030581,0.0021680305,0.006009473887193607,gravity
231,0.48882023,0.0030288473,0.00216553,0.006002543219911805,gravity
232,0.48920822,0.003027811,0.0021639674,0.005998211472188977,gravity
233,0.4894622,0.0030250975,0.0021614905,0.005991345987642575,gravity
234,0.48958158,0.0030207115,0.0021581042,0.005981959673744957,gravity
235,0.48949057,0.0030170293,0.0021556655,0.005975200030471878,gravity
236,0.48921528,0.0030132881,0.002153573,0.0059694000577685015,gravity
237,0.48886338,0.0030064299,0.0021494117,0.00595786529509715,gravity
238,0.48829862,0.0030002848,0.0021462028,0.005948970755896313,gravity
239,0.48751956,0.0029948582,0.0021439514,0.005942729993011963,gravity
240,0.4866782,0.0029864574,0.0021396915,0.005930922237300273,gravity
241,0.4856528,0.0029780434,0.0021357932,0.005920116746817061,gravity
242,0.4844117,0.00297036,0.0021328514,0.005911962451155867,gravity
243,0.48305875,0.0029612759,0.0021291168,0.005901610658325985,gravity
244,0.48159507,0.0029507922,0.0021245806,0.005889036844129938,gravity
245,0.47991586,0.0029410545,0.0021209961,0.005879101317283552,gravity
246,0.47806087,0.0029313848,0.0021177896,0.005870213231818893,gravity
247,0.47619116,0.002919036,0.002112642,0.005855944666502443,gravity
248,0.47410798,0.0029074505,0.002108437,0.005844289218964558,gravity
249,0.47181138,0.002896638,0.0021051774,0.005835253988315035,gravity
250,0.46953228,0.0028832923,0.0020999946,0.005820887971582294,gravity
251,0.4670895,0.0028700656,0.0020951685,0.005807510667232057,gravity
252,0.46443796,0.002857631,0.0020912746,0.005796717438847584,gravity
253,0.46173635,0.0028440843,0.0020866038,0.005783770598700436,gravity
254,0.45898858,0.002829424,0.00208114,0.005768625616010982,gravity
255,0.45603874,0.0028155765,0.0020765928,0.005756021469254897,gravity
256,0.4529482,0.002801939,0.0020723967,0.00574439054591449,gravity
257,0.44995946,0.0027860499,0.002066266,0.005727397213183591,gravity
258,0.44677782,0.0027709971,0.0020610373,0.005712904057848138,gravity
259,0.4434058,0.0027567917,0.002056711,0.00570091172528175,gravity
260,0.4401813,0.0027404728,0.00205045,0.005683557628698488,gravity
261,0.43684265,0.0027244166,0.002044506,0.005667081240235465,gravity
262,0.4333257,0.0027092323,0.0020394495,0.005653065661377202,gravity
263,0.42985684,0.0026932121,0.002033586,0.005636812572185946,gravity
264,0.42644253,0.0026763547,0.0020268993,0.005618278087255685,gravity
265,0.4228644,0.002660393,0.0020210857,0.005602163753392261,gravity
266,0.41920757,0.00264479,0.0020155876,0.005586923900780987,gravity
267,0.41580388,0.0026273287,0.002008139,0.005566277107999592,gravity
268,0.41225263,0.002610787,0.0020015514,0.005548017552230524,gravity
269,0.4085585,0.0025951832,0.0019958317,0.0055321633039350825,gravity
270,0.4051668,0.002577847,0.0019881756,0.005510941483260206,gravity
271,0.40173292,0.0025609196,0.001980813,0.005490533478717406,gravity
272,0.3981747,0.002544956,0.0019743107,0.005472510129692461,gravity
273,0.39477894,0.0025284144,0.001967004,0.005452257014817937,gravity
274,0.3915534,0.00251129,0.0019588813,0.005429741865412944,gravity
275,0.38822222,0.0024951545,0.0019516157,0.0054096026589819666,gravity
276,0.3848904,0.0024795237,0.0019446636,0.005390332448127387,gravity
277,0.3819606,0.0024623876,0.0019358178,0.0053658130909522445,gravity
278,0.37894484,0.0024462654,0.0019278296,0.005343670967498353,gravity
279,0.37584877,0.0024311754,0.0019207075,0.005323929633902763,gravity
280,0.37319374,0.0024146936,0.0019117395,0.005299071455578263,gravity
281,0.37057477,0.0023987626,0.00190309,0.005275096471049755,gravity
282,0.3678944,0.0023838899,0.0018953133,0.005253540346840846,gravity
283,0.36547613,0.0023686746,0.0018868153,0.005229985177850731,gravity
284,0.36332634,0.0023531087,0.0018775886,0.0052044099894368295,gravity
285,0.36113194,0.002338624,0.0018692442,0.005181280444347669,gravity
286,0.35900623,0.0023247811,0.0018612683,0.005159172525695522,gravity
287,0.35738477,0.0023097475,0.0018515694,0.005132288519584675,gravity
288,0.35573372,0.0022958142,0.0018427627,0.005107877585177327,gravity
289,0.35405704,0.0022830036,0.0018348632,0.005085981349071826,gravity
290,0.35289955,0.0022691018,0.0018253234,0.005059538455828762,gravity
291,0.3518312,0.0022558765,0.001816182,0.005034199796845793,gravity
292,0.3507473,0.0022437912,0.0018079621,0.005011415203955358,gravity
293,0.34997195,0.0022315693,0.0017991875,0.004987093331107269,gravity
294,0.3495061,0.0022191966,0.0017898532,0.004961219980081933,gravity
295,0.34902918,0.0022079777,0.0017814573,0.004937947807423234,gravity
296,0.34864733,0.0021975138,0.0017735348,0.004915987679329568,gravity
297,0.3487798,0.0021861244,0.0017641634,0.00489001139121219,gravity
298,0.34889984,0.0021759002,0.0017557507,0.004866692751653007,gravity
299,0.34900683,0.0021668556,0.001748309,0.0048460653200801465,gravity
300,0.34960616,0.0021569706,0.001739532,0.004821736670809071,gravity
301,0.35028678,0.002147852,0.0017312716,0.004798840105595944,gravity
302,0.35094446,0.0021399134,0.0017239994,0.004778682506016858,gravity
303,0.3518659,0.0021319934,0.0017163992,0.004757615897697068,gravity
304,0.35304344,0.0021240711,0.001708467,0.0047356289865982636,gravity
305,0.354181,0.0021173274,0.001701545,0.0047164420289403835,gravity
306,0.3553645,0.0021113947,0.0016952219,0.004698915294914354,gravity
307,0.3569491,0.0021047406,0.0016878011,0.004678345946967097,gravity
308,0.35847038,0.0020992546,0.0016814093,0.00466062882772381,gravity
309,0.3599216,0.002094945,0.0016760586,0.0046457974966126175,gravity
310,0.36171576,0.0020899742,0.0016697366,0.004628273666767868,gravity
311,0.3635025,0.0020857868,0.0016640573,0.004612531390795119,gravity
312,0.36518967,0.0020827546,0.0016594344,0.004599717497613242,gravity
313,0.36699978,0.0020798168,0.0016547295,0.0045866761102310825,gravity
314,0.36891854,0.002076944,0.0016499376,0.004573393675802666,gravity
315,0.37070525,0.0020751983,0.0016462154,0.004563076410461338,gravity
316,0.37242177,0.0020742386,0.0016432084,0.004554741410187153,gravity
317,0.3743317,0.0020726728,0.0016394675,0.00454437219226959,gravity
318,0.3760774,0.002072197,0.0016368029,0.004536986213900414,gravity
319,0.37765208,0.0020728107,0.0016352203,0.004532599286733261,gravity
320,0.37935367,0.0020728477,0.0016330124,0.004526479531402254,gravity
321,0.38092324,0.0020736007,0.0016315386,0.004522394316401434,gravity
322,0.3822936,0.002075398,0.0016311447,0.004521302344240077,gravity
323,0.38362122,0.0020772745,0.001630864,0.004520524346343791,gravity
324,0.3848944,0.0020791942,0.0016306842,0.004520026117910832,gravity
325,0.3859467,0.0020821057,0.0016315704,0.004522482409900267,gravity
326,0.38682252,0.0020856971,0.0016332187,0.004527051332427645,gravity
327,0.3877025,0.0020887011,0.001634397,0.004530317245620638,gravity
328,0.38834736,0.002092641,0.0016366174,0.0045364718511270085,gravity
329,0.38875753,0.0020975096,0.0016398749,0.004545501273413971,gravity
330,0.38913566,0.0021017967,0.0016427183,0.004553382898721635,gravity
331,0.38931412,0.00210666,0.0016462788,0.004563251952085385,gravity
332,0.3892549,0.0021123907,0.0016508373,0.004575887399461934,gravity
333,0.38906837,0.0021181128,0.0016555617,0.004588982998227991,gravity
334,0.3887528,0.002123785,0.0016604239,0.00460246033548899,gravity
335,0.38820505,0.002130261,0.0016662331,0.004618562407253676,gravity
336,0.38746268,0.002137254,0.0016727167,0.0046365341263891946,gravity
337,0.38665533,0.0021436114,0.0016787976,0.004653389671852688,gravity
338,0.38562846,0.0021507086,0.0016857652,0.004672702800052852,gravity
339,0.38438916,0.0021585366,0.0016936066,0.0046944380154407064,gravity
340,0.38308924,0.0021657213,0.0017010369,0.004715033823706294,gravity
341,0.3816167,0.0021733101,0.0017090335,0.004737199180610427,gravity
342,0.37995097,0.0021815659,0.0017178345,0.004761594303364139,gravity
343,0.37818247,0.00218969,0.0017266889,0.004786137539363141,gravity
344,0.37631646,0.0021976435,0.0017355591,0.0048107243380813465,gravity
345,0.37427947,0.0022061998,0.0017451592,0.004837334383091427,gravity
346,0.3721066,0.0022150986,0.001755238,0.004865271638946561,gravity
347,0.3699114,0.0022232914,0.0017648068,0.004891794881205044,gravity
348,0.36756834,0.0022320254,0.001775031,0.004920134850197699,gravity
349,0.365086,0.0022412946,0.001785897,0.004950253791567884,gravity
350,0.36260533,0.0022498518,0.0017962143,0.0049788519100076685,gravity
351,0.3600264,0.0022586463,0.0018068798,0.005008415184692907,gravity
352,0.35733062,0.0022679183,0.0018181144,0.0050395560751869154,gravity
353,0.35460734,0.0022769454,0.0018292144,0.005070323617043012,gravity
354,0.351863,0.0022856917,0.0018401408,0.005100610032867022,gravity
355,0.34902257,0.00229486,0.0018515659,0.005132278838980408,gravity
356,0.34612122,0.0023042175,0.0018632542,0.005164677239968744,gravity
357,0.3432778,0.0023128164,0.0018742693,0.005195209543141144,gravity
358,0.34035712,0.002321787,0.0018857183,0.005226944500050358,gravity
359,0.33736515,0.002331124,0.0018975905,0.005259852423509965,gravity
360,0.3344542,0.0023397072,0.0019087563,0.005290802606099905,gravity
361,0.33151135,0.0023483941,0.0019200741,0.005322173894975476,gravity
362,0.3285126,0.0023574014,0.0019317569,0.005354556806996984,gravity
363,0.32555422,0.0023660844,0.0019431384,0.005386104928243838,gravity
364,0.32263988,0.0023744146,0.001954188,0.005416733069398484,gravity
365,0.31968254,0.0023830223,0.0019655493,0.005448224720453779,gravity
366,0.31671745,0.0023917013,0.001977002,0.005479970003340878,gravity
367,0.31387448,0.0023996145,0.0019876654,0.0055095274696635565,gravity
368,0.31099853,0.002407767,0.0019985938,0.005539819371163318,gravity
369,0.30809295,0.0024161558,0.0020097813,0.005570829573499716,gravity
370,0.3053234,0.0024237959,0.0020201674,0.005599618399843567,gravity
371,0.30256173,0.0024314476,0.0020305691,0.005628450466219812,gravity
372,0.29977778,0.0024393005,0.0020411892,0.005657887893049576,gravity
373,0.2970741,0.0024467963,0.0020514107,0.005686220440245626,gravity
374,0.29445192,0.002453914,0.002061212,0.005713388088061506,gravity
375,0.29181376,0.0024612013,0.0020711944,0.0057410578365520515,gravity
376,0.2891946,0.002468484,0.002081161,0.005768683699636586,gravity
377,0.2867308,0.0024750468,0.0020903074,0.0057940365568391475,gravity
378,0.28425542,0.0024817523,0.0020996043,0.005819806325398822,gravity
379,0.2817694,0.0024885996,0.0021090505,0.005845989778447522,gravity
380,0.27944314,0.0024947606,0.002117693,0.0058699454017674966,gravity
381,0.2771421,0.002500876,0.0021262711,0.0058937229019689515,gravity
382,0.27483365,0.0025071092,0.0021349713,0.005917838577946146,gravity
383,0.27261963,0.002512998,0.0021432505,0.005940787418422316,gravity
384,0.27050003,0.0025185267,0.002151093,0.005962525537991451,gravity
385,0.2683754,0.0025241515,0.0021590344,0.00598453794134816,gravity
386,0.26627916,0.00252973,0.0021669038,0.0060063509242569615,gravity
387,0.26434368,0.002534683,0.0021740082,0.006026043209457596,gravity
388,0.26240474,0.0025397134,0.0021811915,0.0060459542763146735,gravity
389,0.26046258,0.002544823,0.0021884553,0.0060660886424435175,gravity
390,0.25867856,0.0025493484,0.0021949895,0.006084200407654104,gravity
391,0.256924,0.0025538076,0.0022014293,0.006102050796549473,gravity
392,0.25516742,0.0025583284,0.0022079316,0.006120074145574417,gravity
393,0.25350198,0.0025625506,0.0022140467,0.006137024238272922,gravity
394,0.25192806,0.0025664638,0.002219764,0.006152872032832185,gravity
395,0.25035232,0.0025704275,0.0022255327,0.00616886180958737,gravity
396,0.24880514,0.0025743311,0.0022312114,0.006184602472126074,gravity
397,0.24740529,0.0025777335,0.002236241,0.006198543833018288,gravity
398,0.24600439,0.002581174,0.0022413088,0.0062125910351838246,gravity
399,0.24460222,0.0025846532,0.0022464157,0.006226746660117155,gravity
400,0.24334036,0.0025876786,0.0022509228,0.006239239802610975,gravity
401,0.24210557,0.002590635,0.0022553327,0.006251463178932544,gravity
402,0.2408701,0.0025936228,0.0022597732,0.006263771744571665,gravity
403,0.23971336,0.002596376,0.002263895,0.006275196793727986,gravity
404,0.2386351,0.00259889,0.0022676934,0.0062857254189291525,gravity
405,0.23755635,0.0026014275,0.002271515,0.0062963185814921,gravity
406,0.23650159,0.0026039097,0.0022752546,0.0063066839271679566,gravity
407,0.2355692,0.002606023,0.0022784912,0.006315655265829315,gravity
408,0.23463638,0.0026081551,0.0022817461,0.0063246775890064815,gravity
409,0.2337031,0.0026103032,0.0022850174,0.006333745088336895,gravity
410,0.23288238,0.0026121272,0.0022878381,0.006341563789716822,gravity
411,0.23208395,0.0026138977,0.00229058,0.006349163709440306,gravity
412,0.23128513,0.0026156802,0.0022933339,0.006356797188591917,gravity
413,0.23054771,0.0026172977,0.0022958524,0.006363778195015909,gravity
414,0.22987142,0.0026187496,0.0022981353,0.0063701060833386645,gravity
415,0.22919506,0.0026202095,0.002300426,0.0063764552689908075,gravity
416,0.2285368,0.0026216293,0.0023026553,0.006382634721381464,gravity
417,0.22797102,0.0026228046,0.0023045319,0.006387836432741117,gravity
418,0.22740468,0.002623985,0.0023064148,0.006393055569188452,gravity
419,0.22683835,0.0026251732,0.0023083047,0.006398294066844322,gravity
420,0.22635405,0.0026261539,0.00230989,0.00640268841580808,gravity
421,0.22588594,0.0026270966,0.002311418,0.006406924002861853,gravity
422,0.22541767,0.0026280433,0.0023129503,0.006411171206640746,gravity
423,0.22499256,0.002628888,0.0023143284,0.0064149911730846405,gravity
424,0.22461064,0.0026296289,0.002315551,0.00641838002995183,gravity
425,0.22422875,0.0026303725,0.0023167764,0.006421776631302433,gravity
426,0.22391033,0.0026309951,0.0023178002,0.0064246143391,gravity
427,0.22391033,0.0026309951,0.0023178002,0.0064246143391,gravity
428,0.16801777,0.004722794,0.004307805,0.011940626522875442,gravity
429,0.16801777,0.004722794,0.004307805,0.011940626522875442,gravity
430,0.17296262,0.0046522017,0.0042307866,0.011727142093088515,gravity
431,0.17917193,0.0045686755,0.0041392,0.0114732766360344,gravity
432,0.18569289,0.004486512,0.0040485817,0.011222095933230427,gravity
433,0.19246393,0.004405522,0.0039589345,0.010973606438412777,gravity
434,0.19949675,0.0043257256,0.0038702632,0.01072782234980104,gravity
435,0.20687452,0.004247448,0.003782675,0.010485039893885799,gravity
436,0.21457407,0.0041706967,0.0036962489,0.01024547914307073,gravity
437,0.22247636,0.004095183,0.003611022,0.010009242066387451,gravity
438,0.2307471,0.004021353,0.0035270106,0.009776374485362827,gravity
439,0.23939021,0.0039493046,0.0034443047,0.009547125514213335,gravity
440,0.24820767,0.00387868,0.0033630468,0.009321890121593086,gravity
441,0.25735974,0.0038098309,0.003283182,0.009100515999328271,gravity
442,0.26688045,0.003742938,0.0032047932,0.008883233545800456,gravity
443,0.27661723,0.0036777982,0.0031280378,0.008670478388201668,gravity
444,0.28656262,0.003614409,0.0030529185,0.008462258271015323,gravity
445,0.29683954,0.0035531512,0.002979483,0.008258705495833076,gravity
446,0.3073668,0.0034940098,0.0029078752,0.008060218903550739,gravity
447,0.31791022,0.0034364886,0.0028381522,0.00786695661070468,gravity
448,0.32870305,0.003381263,0.0027703606,0.007679047692018462,gravity
449,0.33969477,0.0033284435,0.0027046655,0.007496950362760742,gravity
450,0.35056338,0.0032772624,0.002641068,0.0073206672044259895,gravity
451,0.36148924,0.0032283561,0.0025796783,0.007150503478735435,gravity
452,0.37245402,0.003181997,0.002520708,0.006987045830307681,gravity
453,0.38322577,0.0031376295,0.0024641363,0.006830237466264357,gravity
454,0.3937614,0.0030951952,0.00240996,0.006680068060627579,gravity
455,0.40412524,0.0030554126,0.0023585623,0.00653760118911952,gravity
456,0.4141719,0.0030181091,0.0023100427,0.006403111780901372,gravity
457,0.42369434,0.0029821363,0.0022638827,0.006275162588926242,gravity
458,0.43280667,0.0029488762,0.0022208646,0.006155922713923635,gravity
459,0.44139212,0.0029184204,0.0021812296,0.0060460601175879964,gravity
460,0.4492872,0.0028890597,0.002143972,0.00594278743126395,gravity
461,0.4565264,0.0028620844,0.0021099476,0.005848476402996994,gravity
462,0.46301836,0.0028379108,0.0020795935,0.005764339044441401,gravity
463,0.46871045,0.0028153318,0.0020520845,0.005688088151495606,gravity
464,0.4736119,0.002794226,0.002027284,0.005619344244472329,gravity
465,0.4776158,0.0027758654,0.0020062886,0.005561148323858752,gravity
466,0.48069248,0.0027598122,0.0019888033,0.005512681410533857,gravity
467,0.48305446,0.0027439997,0.0019729063,0.005468617236029752,gravity
468,0.48446563,0.002730832,0.0019607572,0.005434941640651745,gravity
469,0.4848838,0.002720348,0.0019524373,0.005411880182479264,gravity
470,0.48472863,0.00270969,0.0019450806,0.005391488312276908,gravity
471,0.48374382,0.0027009824,0.0019406822,0.005379296559262613,gravity
472,0.48184234,0.0026948093,0.0019398092,0.005376876730882585,gravity
473,0.47937122,0.0026892733,0.0019404347,0.0053786105271068675,gravity
474,0.47642142,0.00268423,0.0019422746,0.0053837105921217135,gravity
475,0.4726939,0.0026815506,0.0019472305,0.0053974476922638865,gravity
476,0.4683478,0.0026805534,0.0019545117,0.0054176301387272585,gravity
477,0.46398672,0.0026783608,0.0019609064,0.005435355325140769,gravity
478,0.4590124,0.0026783582,0.0019699822,0.005460511988763512,gravity
479,0.45346174,0.0026805457,0.0019816798,0.00549293620469656,gravity
480,0.448111,0.002681159,0.0019918124,0.005521022219170602,gravity
481,0.44244954,0.0026830528,0.002003417,0.0055531882856565224,gravity
482,0.43637276,0.0026869613,0.0020172393,0.005591502181225824,gravity
483,0.43037137,0.0026905118,0.00203063,0.005628618908734064,gravity
484,0.42449716,0.002693592,0.0020434104,0.005664044757363608,gravity
485,0.41834027,0.0026985265,0.002058075,0.005704692969308576,gravity
486,0.41208535,0.0027044867,0.0020736812,0.00574795107216402,gravity
487,0.40636042,0.0027081321,0.0020865619,0.005783654431449228,gravity
488,0.40045404,0.002713488,0.0021010633,0.005823850236488102,gravity
489,0.39439607,0.0027205448,0.0021171432,0.005868421674655816,gravity
490,0.3889289,0.0027250708,0.0021302162,0.005904658112549345,gravity
491,0.38349652,0.0027303474,0.002143807,0.005942329861368913,gravity
492,0.37797907,0.0027372027,0.0021587855,0.005983848036950706,gravity
493,0.3728061,0.0027430612,0.002172383,0.006021538501605191,gravity
494,0.36798522,0.0027478577,0.0021845293,0.006055206352499785,gravity
495,0.36312392,0.0027541304,0.0021979203,0.006092324370755261,gravity
496,0.35836747,0.0027610124,0.0022116252,0.006130312352647562,gravity
497,0.3542317,0.0027650245,0.0022219657,0.00615897468576232,gravity
498,0.35008436,0.0027704302,0.0022334473,0.006190799994978029,gravity
499,0.34593907,0.0027772216,0.0022460513,0.006225736650405263,gravity
500,0.34239867,0.0027810887,0.002255258,0.006251256014001222,gravity
501,0.3389852,0.0027854256,0.0022646296,0.006277232947492218,gravity
502,0.33558837,0.0027910857,0.0022750543,0.006306128905856629,gravity
503,0.3325498,0.002795502,0.0022838588,0.006330533709214607,gravity
504,0.32986575,0.0027986476,0.0022910214,0.006350387337819698,gravity
505,0.3272072,0.0028030637,0.0022991835,0.006373011555366104,gravity
506,0.32468495,0.0028079068,0.0023074693,0.006395978466303573,gravity
507,0.32271236,0.0028097986,0.0023123936,0.006409628118320531,gravity
508,0.32077035,0.002812925,0.002318283,0.006425952843983365,gravity
509,0.3188641,0.0028172806,0.0023251285,0.006444927473720981,gravity
510,0.31748053,0.0028187353,0.0023286906,0.006454801044700057,gravity
511,0.31622806,0.0028205726,0.0023323458,0.006464932765126261,gravity
512,0.31501216,0.0028236143,0.0023369358,0.006477655660628025,gravity
513,0.31410933,0.002825436,0.002339984,0.0064861048920325645,gravity
514,0.3135169,0.0028260269,0.0023414842,0.006490263034252199,gravity
515,0.3129612,0.0028278057,0.002343906,0.0064969762106247934,gravity
516,0.31252968,0.002829981,0.0023464456,0.00650401530067439,gravity
517,0.31256744,0.0028293978,0.0023458975,0.006502496091178035,gravity
518,0.31264135,0.00282999,0.0023462623,0.006503507391637163,gravity
519,0.31275064,0.0028317561,0.00234754,0.006507049202051776,gravity
520,0.313307,0.0028308583,0.0023458458,0.006502352818234878,gravity
521,0.31397998,0.0028303617,0.0023442847,0.006498025588127374,gravity
522,0.31468567,0.0028310316,0.002343633,0.0064962191873710875,gravity
523,0.31565934,0.0028306295,0.002341635,0.006490681236356548,gravity
524,0.31690124,0.0028291505,0.002338287,0.006481400763732252,gravity
525,0.3181722,0.002828834,0.0023358495,0.006474644347327262,gravity
526,0.31954536,0.002828955,0.0023335957,0.006468397130706735,gravity
527,0.32132488,0.0028266045,0.002328606,0.006454566774076787,gravity
528,0.323129,0.0028254136,0.0023245292,0.006443266282028705,gravity
529,0.32495356,0.0028253826,0.0023213685,0.006434505335166756,gravity
530,0.32716492,0.0028229745,0.002315588,0.006418482644357064,gravity
531,0.3294685,0.002821015,0.002310016,0.006403037562935322,gravity
532,0.33178547,0.0028202124,0.0023053654,0.006390146870292924,gravity
533,0.3343266,0.002818498,0.002299579,0.006374108045142785,gravity
534,0.3370929,0.0028158664,0.0022926533,0.006354910761507021,gravity
535,0.33986473,0.0028143872,0.0022866533,0.00633827948337572,gravity
536,0.34270486,0.0028133893,0.0022809198,0.006322387158036827,gravity
537,0.34589493,0.002810168,0.0022727728,0.0062998048897755805,gravity
538,0.34908006,0.0028080952,0.0022655602,0.006279812505842657,gravity
539,0.35225242,0.0028071697,0.002259288,0.006262426785952122,gravity
540,0.35575357,0.0028040863,0.0022506989,0.0062386189531906285,gravity
541,0.35930777,0.0028014814,0.0022423968,0.006215606866099912,gravity
542,0.36283603,0.0028000164,0.0022350445,0.0061952272579962955,gravity
543,0.36653635,0.002797744,0.0022267364,0.006172198391191514,gravity
544,0.37041032,0.002794653,0.0022174646,0.0061464983229825645,gravity
545,0.3742445,0.0027926918,0.0022091507,0.006123453321837339,gravity
546,0.37809685,0.002791222,0.002201181,0.006101362182899255,gravity
547,0.3822386,0.0027876727,0.0021910493,0.006073278749919684,gravity
548,0.3863251,0.0027852394,0.0021818841,0.006047874262827697,gravity
549,0.39034432,0.0027839253,0.0021737015,0.006025193252402923,gravity
550,0.39463082,0.0027805606,0.0021634286,0.005996718077637334,gravity
551,0.3989125,0.0027776638,0.0021535181,0.005969247749594696,gravity
552,0.40310904,0.0027758698,0.0021446014,0.005944531876152926,gravity
553,0.40741527,0.0027732984,0.002134872,0.005917563003411335,gravity
554,0.41183284,0.0027699322,0.002124318,0.005888308862689034,gravity
555,0.4161463,0.002767649,0.0021147695,0.0058618420906221096,gravity
556,0.4204116,0.0027658315,0.002105647,0.005836555706902185,gravity
557,0.42490378,0.0027619782,0.002094549,0.00580579332803503,gravity
558,0.42927188,0.0027591872,0.0020844708,0.005777858330987559,gravity
559,0.43350202,0.0027574638,0.0020754342,0.00575281009013261,gravity
560,0.43793717,0.0027537146,0.0020644832,0.00572245558739192,gravity
561,0.44229686,0.0027503902,0.0020539784,0.0056933376205029786,gravity
562,0.4464975,0.0027481117,0.0020445331,0.005667156748948751,gravity
563,0.450741,0.002745039,0.0020344036,0.00563907912433174,gravity
564,0.45502883,0.0027411492,0.0020235756,0.005609065378861261,gravity
565,0.45913598,0.0027382858,0.00201383,0.005582051975340041,gravity
566,0.46312118,0.0027358397,0.0020046048,0.005556480981854656,gravity
567,0.46727365,0.0027313568,0.0019935656,0.00552588188251281,gravity
568,0.4712237,0.002727878,0.0019836312,0.005498345080987536,gravity
569,0.47495732,0.0027254054,0.0019748241,0.005473933178519761,gravity
570,0.47883737,0.0027209087,0.0019642673,0.005444671293314045,gravity
571,0.48256692,0.00271679,0.0019542635,0.005416942170450659,gravity
572,0.48605844,0.0027136581,0.0019454138,0.005392411841924014,gravity
573,0.48952687,0.0027097156,0.0019360214,0.005366377470181031,gravity
574,0.4929735,0.0027049412,0.0019260749,0.00533880710922763,gravity
575,0.49616015,0.0027011354,0.0019173111,0.00531451524625277,gravity
576,0.49915147,0.002697709,0.0019091862,0.005291994288485216,gravity
577,0.5022533,0.0026922757,0.0018994319,0.005264956683453327,gravity
578,0.5050739,0.0026877935,0.0018908893,0.00524127760272859,gravity
579,0.5076015,0.0026842656,0.0018835791,0.0052210148072497995,gravity
580,0.51022,0.0026787661,0.0018747154,0.005196446078992893,gravity
581,0.51261485,0.0026736183,0.0018665325,0.005173764100507692,gravity
582,0.51469654,0.002669411,0.0018596112,0.005154579401657475,gravity
583,0.5166935,0.0026644226,0.0018523133,0.00513435048829362,gravity
584,0.5186044,0.0026586389,0.0018446349,0.005113067034438242,gravity
585,0.52018344,0.002653781,0.0018382422,0.005095347333700483,gravity
586,0.5215011,0.0026492942,0.0018326124,0.00507974252230833,gravity
587,0.522873,0.0026429165,0.0018255782,0.00506024449456666,gravity
588,0.5238959,0.0026374566,0.001819853,0.0050443750799912,gravity
589,0.5245615,0.0026329178,0.0018154507,0.00503217267831221,gravity
590,0.5252641,0.0026265583,0.001809727,0.005016307458665266,gravity
591,0.525682,0.0026205585,0.0018047984,0.005002645867236378,gravity
592,0.525729,0.0026154728,0.0018012065,0.004992689688434222,gravity
593,0.5256392,0.0026097072,0.001797406,0.004982155254870496,gravity
594,0.52541,0.0026032494,0.0017933914,0.0049710274002651815,gravity
595,0.52479964,0.0025976978,0.0017907172,0.004963614961577675,gravity
596,0.52388376,0.0025925448,0.0017888864,0.004958540066133923,gravity
597,0.5229748,0.0025857245,0.0017858826,0.004950214101090388,gravity
598,0.5216777,0.0025798054,0.0017842153,0.004945592580613157,gravity
599,0.51999205,0.0025747942,0.0017838845,0.0049446755047022305,gravity
600,0.51830447,0.0025682147,0.001782451,0.004940702262024103,gravity
601,0.5163044,0.002562037,0.0017818514,0.004939040102271399,gravity
602,0.5139158,0.0025567638,0.001782569,0.00494102914376153,gravity
603,0.51136947,0.0025509745,0.0017831849,0.004942736479667481,gravity
604,0.5086646,0.002544659,0.0017836868,0.004944127582500698,gravity
605,0.5055773,0.0025392422,0.0017854731,0.004949078888896637,gravity
606,0.5021881,0.0025342777,0.0017880796,0.004956303846548166,gravity
607,0.49879467,0.0025279503,0.0017896842,0.0049607514388353945,gravity
608,0.49503067,0.002522517,0.0017925306,0.00496864145400009,gravity
609,0.49090517,0.0025179829,0.0017966031,0.004979929683949433,gravity
610,0.48678562,0.0025122017,0.0017997156,0.004988557038472492,gravity
611,0.48238635,0.0025068799,0.0018035839,0.0049992795984458134,gravity
612,0.47764605,0.002502451,0.0018086229,0.00501324677428274,gravity
613,0.47278717,0.0024976996,0.0018135653,0.005026946442755079,gravity
614,0.4678132,0.0024926146,0.0018183906,0.0050403214882976536,gravity
615,0.46252444,0.0024884145,0.0018243245,0.005056769480321492,gravity
616,0.4570046,0.002484721,0.0018309467,0.005075125196759615,gravity
617,0.4515347,0.0024799928,0.001836644,0.005090917489187746,gravity
618,0.44578156,0.0024761378,0.0018433818,0.005109593633627119,gravity
619,0.43976182,0.0024731613,0.0018511381,0.005131092964957658,gravity
620,0.43382278,0.0024692586,0.0018579875,0.005150078566046777,gravity
621,0.42770362,0.0024658553,0.0018654263,0.005170697930449416,gravity
622,0.421354,0.0024633151,0.0018738138,0.005193946869657873,gravity
623,0.41498765,0.0024606234,0.0018820348,0.005216734366729588,gravity
624,0.4086106,0.0024577633,0.0018900654,0.0052389939481819236,gravity
625,0.40204123,0.0024557465,0.0018989746,0.005263689169667923,gravity
626,0.3953626,0.0024542573,0.0019083921,0.005289792919074821,gravity
627,0.3888411,0.0024520133,0.0019169019,0.005313381002119445,gravity
628,0.3821658,0.0024505882,0.0019262219,0.005339214662667285,gravity
629,0.37535468,0.0024499847,0.0019363333,0.005367241948142105,gravity
630,0.3687378,0.0024487076,0.0019455473,0.005392781963693835,gravity
631,0.36206803,0.0024479243,0.001955173,0.005419462999801876,gravity
632,0.3552984,0.002447933,0.0019655265,0.005448161473839232,gravity
633,0.34863132,0.0024478936,0.0019756316,0.005476171334226371,gravity
634,0.34207168,0.002447781,0.0019854633,0.0055034235259861855,gravity
635,0.3354448,0.0024484247,0.001995962,0.005532524713161063,gravity
636,0.3288272,0.002449563,0.0020068078,0.005562587507026497,gravity
637,0.32247096,0.0024501262,0.0020167518,0.0055901507688701025,gravity
638,0.3160759,0.0024514084,0.0020273074,0.005619409427207729,gravity
639,0.3096555,0.0024534075,0.002038462,0.005650328631864014,gravity
640,0.30352077,0.0024548788,0.0020487271,0.005678781863926598,gravity
641,0.29743183,0.0024567805,0.0020592574,0.005707970176539881,gravity
642,0.29133943,0.0024593566,0.0020703352,0.005738676407902285,gravity
643,0.28543106,0.0024619042,0.0020811013,0.0057685184839904235,gravity
644,0.2797065,0.002464389,0.0020915295,0.0057974241229591,gravity
645,0.27399513,0.002467504,0.0021024595,0.0058277205420741865,gravity
646,0.26836398,0.0024710237,0.0021136082,0.005858622967016408,gravity
647,0.26304504,0.0024740393,0.0021238658,0.005887055547123221,gravity
648,0.25775182,0.0024776373,0.0021345795,0.005916752414147349,gravity
649,0.25249127,0.0024818133,0.0021457407,0.005947689689264934,gravity
650,0.24754755,0.0024855027,0.0021560248,0.005976195841964178,gravity
651,0.24269372,0.0024895165,0.0021664605,0.006005122132888626,gravity
652,0.23787908,0.0024940588,0.0021773018,0.006035172664655321,gravity
653,0.23327057,0.0024985233,0.002187784,0.006064228030303334,gravity
654,0.22886448,0.0025028759,0.0021978833,0.006092221756350027,gravity
655,0.22450052,0.0025077085,0.0022083495,0.006121232591218409,gravity
656,0.22023506,0.0025128266,0.002218934,0.006150571275884646,gravity
657,0.216273,0.0025174376,0.002228646,0.006177491745604899,gravity
658,0.21235351,0.0025224802,0.0022386874,0.006205324773620755,gravity
659,0.20848022,0.0025279494,0.0022490507,0.00623405035335006,gravity
660,0.20489967,0.0025329166,0.0022585613,0.006260412574890896,gravity
661,0.2014098,0.0025380848,0.002268131,0.006286938075957042,gravity
662,0.19796374,0.002543634,0.0022779892,0.006314263840309288,gravity
663,0.19470258,0.0025490297,0.0022874577,0.006340509249225299,gravity
664,0.19162118,0.0025542437,0.0022965176,0.00636562202744203,gravity
665,0.18857993,0.0025597923,0.0023058318,0.006391439553649424,gravity
666,0.18562417,0.002565505,0.002315183,0.006417359694262052,gravity
667,0.18292493,0.002570686,0.0023236996,0.006440966815828402,gravity
668,0.18026176,0.002576159,0.002332439,0.00646519091457339,gravity
669,0.17763554,0.0025819219,0.002341398,0.006490024246013604,gravity
670,0.1752489,0.00258716,0.0023495504,0.00651262135786806,gravity
671,0.17293428,0.0025924898,0.002357692,0.0065351887825360975,gravity
672,0.17065212,0.0025980691,0.0023660236,0.006558282832076278,gravity
673,0.16851524,0.0026034347,0.0023739624,0.006580288136323191,gravity
674,0.16651918,0.00260856,0.0023814894,0.006601151774640175,gravity
675,0.16455048,0.0026138993,0.0023891805,0.006622470401357724,gravity
676,0.16264424,0.0026193063,0.0023968525,0.006643736107438613,gravity
677,0.1609358,0.0026241757,0.0024037568,0.006662874016701538,gravity
678,0.15925056,0.0026292265,0.0024108007,0.006682398504761539,gravity
679,0.15758818,0.0026344578,0.0024179842,0.006702310216992234,gravity
680,0.15610571,0.0026391672,0.0024244373,0.006720197392183817,gravity
681,0.15467365,0.0026438923,0.0024308376,0.006737938067564156,gravity
682,0.15326065,0.0026487669,0.002437354,0.0067560007843797875,gravity
683,0.15195239,0.002653398,0.002443501,0.006773039293263935,gravity
684,0.15074539,0.0026577674,0.0024492657,0.006789018098667616,gravity
685,0.14955398,0.0026622617,0.002455128,0.006805267315617165,gravity
686,0.14840336,0.002666758,0.0024609375,0.006821370678129086,gravity
687,0.14739475,0.0026707535,0.0024660837,0.0068356353712038295,gravity
688,0.14639825,0.0026748525,0.0024713115,0.006850125945044811,gravity
689,0.14541395,0.0026790518,0.002476618,0.006864834655168616,gravity
690,0.14455548,0.0026827794,0.0024813092,0.006877838288194133,gravity
691,0.14372958,0.0026864754,0.0024859267,0.0068906373377828,gravity
692,0.14291304,0.0026902545,0.0024906103,0.006903619673478929,gravity
693,0.14216654,0.0026937972,0.0024949762,0.006915721074186729,gravity
694,0.1414886,0.0026970943,0.0024990167,0.006926920887950431,gravity
695,0.14081784,0.0027004573,0.00250311,0.006938267201525378,gravity
696,0.14017214,0.0027037892,0.00250714,0.00694943732810266,gravity
697,0.13962136,0.0027066963,0.0025106394,0.00695913729357854,gravity
698,0.13907598,0.002709656,0.0025141812,0.006968954717052864,gravity
699,0.1385363,0.0027126663,0.002517763,0.006978883144789455,gravity
700,0.13807863,0.0027152882,0.002520866,0.006987484038994182,gravity
701,0.13764028,0.0027178626,0.0025238977,0.0069958874488718565,gravity
702,0.13720632,0.0027204768,0.0025269608,0.007004377984187937,gravity
703,0.13681585,0.0027228948,0.002529779,0.007012189586458067,gravity
704,0.13646814,0.0027251083,0.0025323455,0.007019303539847331,gravity
705,0.13612342,0.002727353,0.002534937,0.0070264871935873194,gravity
706,0.13579315,0.002729558,0.0025374715,0.007033512085417324,gravity
707,0.13552134,0.0027314378,0.0025396184,0.00703946307554727,gravity
708,0.1352517,0.0027333405,0.0025417837,0.007045465050193025,gravity
709,0.13498412,0.0027352674,0.002543969,0.0070515225269699115,gravity
710,0.13476558,0.0027369044,0.002545813,0.0070566338860230705,gravity
711,0.13455817,0.0027384988,0.0025476015,0.007061591000781569,gravity
712,0.13435215,0.0027401093,0.002549403,0.007066584901836284,gravity
713,0.13417113,0.0027415743,0.002551033,0.007071102517161046,gravity
714,0.13401435,0.002742891,0.002552489,0.007075138683766911,gravity
715,0.13385881,0.0027442204,0.0025539557,0.007079203892185579,gravity
716,0.13371047,0.0027455152,0.0025553794,0.0070831503518585665,gravity
717,0.1335948,0.0027465886,0.0025565492,0.00708639270891451,gravity
718,0.13347977,0.0027476705,0.0025577259,0.007089654427178987,gravity
719,0.13336544,0.00274876,0.002558909,0.007092933570531147,gravity
720,0.13327718,0.0027496612,0.0025598782,0.007095620260902144,gravity
721,0.1331944,0.0027505294,0.0025608088,0.007098199819252583,gravity
722,0.13311224,0.002751403,0.0025617434,0.007100790348954524,gravity
723,0.1330425,0.0027521832,0.002562573,0.007103089815154828,gravity
724,0.13298483,0.0027528685,0.0025632964,0.007105094990985404,gravity
725,0.13292745,0.0027535572,0.0025640223,0.007107107265925777,gravity
726,0.13287994,0.0027541346,0.0025646302,0.007108792336441913,gravity
727,0.13287994,0.0027541346,0.0025646302,0.007108792336441913,gravity
728,0.48115343,0.0053897332,0.003882279,0.010761128146096035,gravity
729,0.48115343,0.0053897332,0.003882279,0.010761128146096035,gravity
730,0.484472,0.005314521,0.0038158407,0.010576970784250224,gravity
731,0.48842728,0.0052256626,0.0037376191,0.010360151708980005,gravity
732,0.4923338,0.0051384056,0.00366115,0.01014819036093114,gravity
733,0.49617642,0.005052404,0.003586223,0.009940503322353116,gravity
734,0.49994376,0.004967678,0.0035128763,0.00973719643451926,gravity
735,0.5036044,0.004884715,0.003441543,0.009539470737732337,gravity
736,0.5071321,0.0048034675,0.0033722527,0.009347407549068192,gravity
737,0.51052296,0.0047234036,0.0033046175,0.009159932321453151,gravity
738,0.513734,0.0046452754,0.0032392796,0.008978824995325173,gravity
739,0.51672775,0.004569181,0.0031763932,0.008804512808019251,gravity
740,0.5195108,0.004494426,0.003115416,0.00863549268437948,gravity
741,0.52203345,0.0044216267,0.003056897,0.008473286415396684,gravity
742,0.52424586,0.004351037,0.003001125,0.008318694264356965,gravity
743,0.5261485,0.0042822296,0.002947753,0.008170754624569766,gravity
744,0.52772546,0.004215196,0.002896777,0.008029455879309966,gravity
745,0.52889365,0.004150538,0.0028488124,0.007896505041796708,gravity
746,0.5296297,0.0040881634,0.0028038074,0.007771757548339598,gravity
747,0.5300128,0.004027243,0.0027609009,0.007652826807299929,gravity
748,0.5298952,0.003968854,0.0027212126,0.007542816420405809,gravity
749,0.5292319,0.0039131115,0.0026848852,0.007442122001684965,gravity
750,0.5281852,0.0038588026,0.0026505645,0.007346990058176139,gravity
751,0.5266032,0.0038069072,0.0026192982,0.007260324125785915,gravity
752,0.524414,0.0037577844,0.0025914712,0.007183191652478173,gravity
753,0.5217516,0.0037105998,0.0025660843,0.007112822694685218,gravity
754,0.51863426,0.0036652875,0.0025429958,0.0070488248652474115,gravity
755,0.51488894,0.003622843,0.002523307,0.00699425013600344,gravity
756,0.5105711,0.0035829921,0.0025066324,0.006948030413615805,gravity
757,0.505986,0.0035442042,0.002491084,0.006904932363417581,gravity
758,0.5008016,0.0035083354,0.0024787784,0.006870823076968396,gravity
759,0.4950214,0.003475477,0.002469738,0.006845764510135562,gravity
760,0.48909864,0.0034434323,0.0024612744,0.006822304533754076,gravity
761,0.48273614,0.0034138795,0.0024552986,0.00680574037447903,gravity
762,0.47586992,0.0033873322,0.0024523211,0.006797487336654308,gravity
763,0.4688255,0.0033622936,0.0024504976,0.006792432770479518,gravity
764,0.4616566,0.0033386436,0.002449626,0.006790017137028006,gravity
765,0.45410627,0.0033179508,0.0024514555,0.006795087837543241,gravity
766,0.44631913,0.0032996791,0.0024552825,0.0068056958436994,gravity
767,0.43876982,0.003281385,0.0024582592,0.006813946945403267,gravity
768,0.43097186,0.0032659597,0.0024636425,0.006828868628820955,gravity
769,0.42296708,0.0032534453,0.0024714042,0.006850382803744704,gravity
770,0.4153476,0.0032405125,0.002477779,0.0068680531334007,gravity
771,0.40771416,0.0032296784,0.002485564,0.006889631845686231,gravity
772,0.39999753,0.0032216245,0.0024954646,0.0069170750680369215,gravity
773,0.3925633,0.003214178,0.002505073,0.006943708346497244,gravity
774,0.3854381,0.003207205,0.0025142564,0.006969163172731422,gravity
775,0.37833014,0.003202864,0.0025253315,0.006999861659610411,gravity
776,0.37137777,0.0032003827,0.0025374459,0.007033441094319363,gravity
777,0.36501527,0.0031965277,0.0025471826,0.007060429973643105,gravity
778,0.35874295,0.0031951515,0.0025586302,0.007092161058310612,gravity
779,0.35258788,0.003196254,0.0025717674,0.007128575619322661,gravity
780,0.34705347,0.003195627,0.0025822297,0.00715757548283954,gravity
781,0.34175485,0.0031964958,0.0025933909,0.007188512757957124,gravity
782,0.33661425,0.003199689,0.0026060985,0.00722373660464429,gravity
783,0.33191577,0.003202565,0.002617662,0.0072557890853734725,gravity
784,0.3276553,0.003205022,0.00262801,0.007284472070444001,gravity
785,0.32357398,0.003209655,0.0026397847,0.0073171099050445484,gravity
786,0.31976545,0.00321555,0.0026520677,0.007351156590252804,gravity
787,0.31655282,0.0032190133,0.002661186,0.007376431357247609,gravity
788,0.31352684,0.0032245202,0.0026716336,0.007405390562226566,gravity
789,0.31069455,0.0032320605,0.0026833995,0.007438003872629636,gravity
790,0.3084284,0.0032369592,0.0026918806,0.007461512252032459,gravity
791,0.30642208,0.003242861,0.0027006976,0.007485951905565801,gravity
792,0.3046046,0.0032506813,0.0027107552,0.007513830109734904,gravity
793,0.30318055,0.0032575736,0.0027192826,0.0075374669184876735,gravity
794,0.30214104,0.0032634814,0.0027262457,0.0075567674619022905,gravity
795,0.30128077,0.0032712084,0.0027343845,0.007579327142086914,gravity
796,0.3006618,0.0032797947,0.0027427757,0.0076025864072732565,gravity
797,0.30052748,0.0032854022,0.002747729,0.007616316085618824,gravity
798,0.30056095,0.0032927499,0.0027538082,0.007633166790780185,gravity
799,0.3007598,0.0033018256,0.002761006,0.007653117870801567,gravity
800,0.30140907,0.0033078578,0.0027647654,0.007663538718608556,gravity
801,0.3022719,0.003314614,0.0027687012,0.007674448114244237,gravity
802,0.30328637,0.0033230346,0.002773716,0.007688348816598528,gravity
803,0.30461016,0.0033302673,0.0027771113,0.007697759654693624,gravity
804,0.3062391,0.0033362887,0.002778872,0.007702639969991602,gravity
805,0.30800605,0.0033439235,0.002781682,0.0077104289841851085,gravity
806,0.30995634,0.0033522216,0.0027846524,0.007718662660801295,gravity
807,0.31228998,0.0033574193,0.0027842503,0.007717548100563315,gravity
808,0.3147487,0.0033641884,0.002784872,0.007719271248122902,gravity
809,0.3173248,0.0033725214,0.0027865176,0.007723832748853676,gravity
810,0.32025582,0.0033777773,0.0027848624,0.007719244787804572,gravity
811,0.3233463,0.0033836493,0.0027833548,0.007715065993629167,gravity
812,0.32653984,0.0033910528,0.0027828545,0.007713679085724466,gravity
813,0.32996815,0.0033972438,0.00278083,0.007708067562117494,gravity
814,0.3336309,0.0034022147,0.0027772766,0.007698217869962279,gravity
815,0.33738208,0.0034086937,0.0027747226,0.007691138766748377,gravity
816,0.34125662,0.0034157757,0.0027723464,0.007684552083604875,gravity
817,0.3454308,0.0034198635,0.002766856,0.007669333528322989,gravity
818,0.34967834,0.0034254414,0.0027623624,0.007656877817499004,gravity
819,0.35398823,0.0034325037,0.00275887,0.007647197213231658,gravity
820,0.35856864,0.0034366262,0.0027523735,0.007629189998547159,gravity
821,0.36324814,0.0034413391,0.0027460763,0.007611735223679516,gravity
822,0.36797285,0.003447519,0.0027407822,0.007597060718357455,gravity
823,0.37285691,0.003452554,0.0027341591,0.00757870242042486,gravity
824,0.37790135,0.0034564408,0.0027262066,0.007556659039134496,gravity
825,0.38297254,0.0034617798,0.0027192659,0.007537420451587191,gravity
826,0.38809806,0.0034677095,0.0027125867,0.0075189066186127,gravity
827,0.39343658,0.0034708066,0.00270314,0.007492721874816765,gravity
828,0.39878225,0.0034753415,0.0026947183,0.007469378065686487,gravity
829,0.4041215,0.0034813078,0.0026873318,0.00744890358766105,gravity
830,0.40964177,0.003484485,0.002677296,0.007421086048612023,gravity
831,0.41518688,0.003488241,0.0026675651,0.007394113303628725,gravity
832,0.4207042,0.0034934154,0.0026588903,0.007370067973375874,gravity
833,0.42629594,0.0034975032,0.0026491226,0.007342993259360961,gravity
834,0.4319634,0.0035004972,0.0026382618,0.007312888516210368,gravity
835,0.4375811,0.0035048898,0.0026284778,0.007285768626042207,gravity
836,0.44317186,0.0035098554,0.0026190863,0.007259736835793696,gravity
837,0.44888422,0.0035120873,0.002607274,0.007226995096040679,gravity
838,0.4545243,0.0035156994,0.0025965665,0.007197315008730614,gravity
839,0.46007726,0.0035206885,0.002586982,0.007170748203752927,gravity
840,0.4657215,0.0035229598,0.0025750848,0.007137770902629404,gravity
841,0.47130808,0.0035257745,0.0025636328,0.0071060275558631585,gravity
842,0.47678488,0.0035299456,0.002553337,0.007077489134483023,gravity
843,0.48225254,0.0035330297,0.00254218,0.00704656347609056,gravity
844,0.48771304,0.0035350132,0.0025301583,0.007013240900081501,gravity
845,0.49304247,0.0035383326,0.0025193265,0.0069832168286331365,gravity
846,0.49826506,0.003542172,0.0025090356,0.006954691960098975,gravity
847,0.5035327,0.0035432852,0.0024966141,0.006920261277588114,gravity
848,0.5086494,0.0035457048,0.0024854115,0.006889209125966558,gravity
849,0.51360095,0.003549432,0.002475456,0.006861614240815679,gravity
850,0.5185774,0.003550423,0.0024634476,0.006828328451102836,gravity
851,0.5234233,0.0035518934,0.002452033,0.0067966890094890604,gravity
852,0.5280861,0.0035546424,0.0024418966,0.006768592023663516,gravity
853,0.5326784,0.0035562557,0.0024310893,0.006738635716445023,gravity
854,0.53720444,0.0035567128,0.0024195989,0.006706785883031837,gravity
855,0.54153156,0.0035584243,0.0024094197,0.00667857079383423,gravity
856,0.5456911,0.0035605873,0.0023999228,0.006652246649336845,gravity
857,0.54985714,0.0035599708,0.0023884801,0.006620529117515313,gravity
858,0.5538106,0.0035605838,0.0023783778,0.0065925270016115875,gravity
859,0.55754054,0.0035624234,0.0023696395,0.00656830548436107,gravity
860,0.5612706,0.0035614774,0.0023590033,0.006538823526751677,gravity
861,0.5648221,0.003560932,0.0023490763,0.006511307377182173,gravity
862,0.5681394,0.0035615892,0.0023405377,0.006487639590495748,gravity
863,0.5713598,0.0035610502,0.0023314415,0.006462426133994636,gravity
864,0.57448894,0.0035592956,0.0023217716,0.006435622476899209,gravity
865,0.5773757,0.003558721,0.0023135087,0.006412718812576286,gravity
866,0.5800625,0.003558531,0.0023060201,0.006391961660906243,gravity
867,0.5827568,0.0035555272,0.00229667,0.0063660447471617036,gravity
868,0.5852025,0.0035536825,0.002288741,0.00634406654860674,gravity
869,0.5873911,0.003552995,0.0022822537,0.006326084503493336,gravity
870,0.5895912,0.0035495085,0.0022739272,0.006303004652172747,gravity
871,0.59159094,0.00354637,0.0022663746,0.006282070022757802,gravity
872,0.5933299,0.0035443704,0.0022602694,0.006265147035751246,gravity
873,0.59497356,0.003541162,0.002253655,0.006246813262016128,gravity
874,0.59652805,0.0035367254,0.0022465081,0.006227002873443432,gravity
875,0.59781873,0.0035334148,0.0022408126,0.006211215744004244,gravity
876,0.5989001,0.003530453,0.0022359223,0.006197660316535488,gravity
877,0.6000126,0.0035247384,0.002229205,0.006179041287661293,gravity
878,0.6008601,0.0035201323,0.0022239322,0.006164425511338454,gravity
879,0.60143787,0.0035166373,0.0022201156,0.006153846546995098,gravity
880,0.60205334,0.0035104468,0.0022144956,0.006138268518608085,gravity
881,0.6024644,0.00350459,0.0022096587,0.006124861527071429,gravity
882,0.6026058,0.0034998343,0.0022062678,0.006115462305701453,gravity
883,0.6026658,0.0034939456,0.0022023895,0.006104712317349374,gravity
884,0.6026487,0.0034869055,0.002197999,0.006092542507038085,gravity
885,0.60236275,0.0034809601,0.0021950407,0.006084342389850025,gravity
886,0.6018709,0.003475386,0.0021928807,0.0060783552587974805,gravity
887,0.6014346,0.0034672548,0.0021889484,0.006067455543766067,gravity
888,0.60073143,0.0034602133,0.0021864292,0.006060472601221221,gravity
889,0.59975994,0.00345427,0.0021853277,0.0060574193386353,gravity
890,0.5988489,0.003445872,0.0021824944,0.006049565787080011,gravity
891,0.59773904,0.0034378537,0.002180426,0.006043832287859272,gravity
892,0.5963641,0.0034309283,0.0021797493,0.006041956832125878,gravity
893,0.5949229,0.0034230435,0.002178619,0.006038823543211347,gravity
894,0.59341806,0.003414186,0.002177014,0.006034374982863693,gravity
895,0.59165245,0.003406424,0.0021767758,0.006033714765652659,gravity
896,0.5896938,0.0033991034,0.0021773009,0.00603517008316085,gravity
897,0.58780754,0.0033895683,0.0021761782,0.006032058091575708,gravity
898,0.5856664,0.0033811294,0.0021763907,0.00603264731768878,gravity
899,0.5832725,0.0033737984,0.0021779365,0.006036931953137507,gravity
900,0.58095556,0.0033643956,0.0021778957,0.006036819012754388,gravity
901,0.5784562,0.0033554588,0.0021785789,0.0060387125389490814,gravity
902,0.57571256,0.0033476327,0.0021805593,0.006044202086942284,gravity
903,0.57292175,0.0033391006,0.002182143,0.006048591918290717,gravity
904,0.57008564,0.0033298547,0.0021833144,0.006051838792961985,gravity
905,0.56701535,0.0033217215,0.0021857447,0.006058575202784821,gravity
906,0.5637794,0.0033141351,0.0021888867,0.006067284519757344,gravity
907,0.5606332,0.003304776,0.0021905627,0.006071929919058435,gravity
908,0.5572648,0.003296534,0.0021934595,0.006079959657611389,gravity
909,0.5536807,0.0032894171,0.0021975653,0.006091340175988081,gravity
910,0.55019426,0.0032806918,0.0022002799,0.00609886458699828,gravity
911,0.546562,0.0032725376,0.002203655,0.006108219922962243,gravity
912,0.5427292,0.0032655091,0.002208196,0.006120807290004264,gravity
913,0.53888375,0.0032580635,0.0022124057,0.006132475645014505,gravity
914,0.535028,0.0032501912,0.0022162683,0.0061431823933341895,gravity
915,0.5309893,0.003243442,0.0022212502,0.00615699145263475,gravity
916,0.52683455,0.0032373376,0.002226868,0.006172563027285585,gravity
917,0.52280205,0.0032299287,0.002231219,0.006184623769455462,gravity
918,0.5186057,0.0032236367,0.0022366424,0.006199656457135415,gravity
919,0.51425517,0.0032184678,0.002243124,0.006217622367908373,gravity
920,0.5100406,0.0032121448,0.0022484083,0.006232269767538485,gravity
921,0.5057399,0.0032064742,0.002254268,0.006248511885378239,gravity
922,0.5013062,0.003201913,0.0022611353,0.0062675471802359295,gravity
923,0.49691343,0.0031971864,0.0022677195,0.006285797700774348,gravity
924,0.49256527,0.003192277,0.002274001,0.006303209235609597,gravity
925,0.48810574,0.0031884592,0.00228124,0.0063232745467613335,gravity
926,0.4835985,0.0031853393,0.0022890193,0.006344837770080038,gravity
927,0.4792611,0.0031813036,0.0022957,0.006363355475296235,gravity
928,0.4748342,0.0031783376,0.0023032879,0.006384388201501089,gravity
929,0.47032782,0.0031764403,0.002311768,0.00640789399940944,gravity
930,0.46600693,0.0031737408,0.0023192058,0.006428510459630798,gravity
931,0.46166924,0.0031717033,0.0023271113,0.0064504234754503625,gravity
932,0.45727262,0.003170703,0.0023358578,0.006474667580777504,gravity
933,0.4529753,0.0031696893,0.0023443378,0.006498172733312238,gravity
934,0.4487798,0.0031686297,0.0023525239,0.006520863424341279,gravity
935,0.4445441,0.0031685673,0.0023614988,0.0065457406411875045,gravity
936,0.44032508,0.003169172,0.0023709026,0.006571806636237761,gravity
937,0.4363187,0.0031691063,0.0023793243,0.006595150445368039,gravity
938,0.4322886,0.0031699897,0.0023884801,0.006620529117515313,gravity
939,0.42824286,0.003171822,0.0023983615,0.0066479187738557235,gravity
940,0.42441824,0.0031730419,0.002407295,0.006672681114197976,gravity
941,0.42063054,0.0031748516,0.0024165804,0.0066984192594503784,gravity
942,0.41684008,0.0031775564,0.0024265382,0.006726020598337435,gravity
943,0.4131862,0.0031802729,0.002436209,0.006752826836927334,gravity
944,0.4096687,0.0031829602,0.0024455646,0.0067787592396387,gravity
945,0.4061586,0.0031864846,0.0024555405,0.006806410917667947,gravity
946,0.40270394,0.0031905645,0.0024658255,0.006834919651861664,gravity
947,0.39947525,0.0031940571,0.0024751879,0.0068608707704079465,gravity
948,0.39626142,0.0031983238,0.0024851172,0.006888393373713629,gravity
949,0.3930671,0.0032033632,0.002495609,0.006917475199679972,gravity
950,0.3900962,0.0032078312,0.0025051986,0.006944056202877251,gravity
951,0.38718575,0.0032127476,0.0025150175,0.006971272899088085,gravity
952,0.3842989,0.0032183714,0.0025253475,0.006999906190390041,gravity
953,0.38155282,0.0032239333,0.0025353467,0.00702762240578107,gravity
954,0.3789451,0.0032293897,0.0025449863,0.0070543421643061805,gravity
955,0.3763631,0.0032354887,0.0025550874,0.007082341053341817,gravity
956,0.37384492,0.0032419828,0.0025653797,0.007110869794117685,gravity
957,0.37153256,0.003247862,0.002574773,0.007136906747355139,gravity
958,0.36924618,0.0032543207,0.002584582,0.0071640956925004065,gravity
959,0.36698776,0.0032613508,0.002594798,0.007192413396103247,gravity
960,0.36492428,0.0032677662,0.0026041365,0.007218298041166895,gravity
961,0.36291945,0.003274463,0.0026135887,0.007244498273929658,gravity
962,0.36094102,0.0032816697,0.002623405,0.007271707871030696,gravity
963,0.35908294,0.0032887037,0.0026328473,0.0072978803527278925,gravity
964,0.35734195,0.003295522,0.0026418867,0.007322936338066255,gravity
965,0.35562527,0.003302789,0.0026512463,0.007348879712129125,gravity
966,0.3539623,0.0033102862,0.0026606913,0.007375059938309735,gravity
967,0.35246482,0.0033171128,0.0026692664,0.007398829048654159,gravity
968,0.35098904,0.0033243317,0.002678122,0.007423375188834441,gravity
969,0.34953552,0.0033319388,0.0026872545,0.007448689323619933,gravity
970,0.34823373,0.0033388776,0.002695544,0.0074716665605352875,gravity
971,0.3469768,0.0033459475,0.0027038553,0.0074947044625707174,gravity
972,0.34573933,0.0033533527,0.0027124058,0.007518405163311651,gravity
973,0.34459174,0.003360487,0.0027205592,0.007541005502034197,gravity
974,0.34353152,0.003367319,0.0027282943,0.007562446104365516,gravity
975,0.34248775,0.0033744369,0.002736234,0.0075844539901069,gravity
976,0.3414817,0.0033816488,0.002744179,0.007606476074067876,gravity
977,0.3405963,0.0033881653,0.0027513148,0.007626255484706917,gravity
978,0.33972427,0.003394924,0.0027586254,0.007646519570932944,gravity
979,0.33886617,0.0034019246,0.0027661095,0.0076672644605042485,gravity
980,0.33811554,0.0034082443,0.0027728209,0.007685867355037998,gravity
981,0.3373948,0.0034145874,0.0027794933,0.0077043624721775715,gravity
982,0.33668524,0.003421131,0.0027863106,0.007723259011707431,gravity
983,0.33603668,0.0034273562,0.002792745,0.007741093911635972,gravity
984,0.3354476,0.0034332376,0.002798778,0.007757816832821003,gravity
985,0.33486736,0.0034392858,0.0028049324,0.00777487599366092,gravity
986,0.3343106,0.0034453387,0.0028110447,0.007791818341876011,gravity
987,0.333835,0.0034507306,0.0028164494,0.007806799399666537,gravity
988,0.33336627,0.0034562577,0.0028219528,0.007822054095871021,gravity
989,0.33290446,0.003461922,0.0028275566,0.007837586948104786,gravity
990,0.33251286,0.0034669582,0.0028325007,0.00785129145687926,gravity
991,0.33213928,0.003471953,0.0028373755,0.007864803644315622,gravity
992,0.3317711,0.0034770581,0.0028423304,0.007878537840276515,gravity
993,0.3314411,0.0034818498,0.0028469502,0.00789134334360136,gravity
994,0.3311481,0.0034863143,0.0028512252,0.007903193048598208,gravity
995,0.33085915,0.0034908638,0.0028555624,0.007915215068351017,gravity
996,0.3305836,0.0034953728,0.0028598397,0.007927071227084043,gravity
997,0.33035782,0.0034993142,0.0028635473,0.007937348156574259,gravity
998,0.33013526,0.0035033238,0.0028673047,0.007947763196018687,gravity
999,0.32991552,0.003507403,0.002871114,0.00795832215377989,gravity
1000,0.32973772,0.0035109594,0.0028744068,0.007967449027483144,gravity
1001,0.32956997,0.003514452,0.002877626,0.007976372608496783,gravity
1002,0.32940426,0.0035179975,0.002880885,0.007985405903025452,gravity
1003,0.32926026,0.0035212776,0.0028838806,0.007993709279992364,gravity
1004,0.32913715,0.0035242839,0.0028866075,0.008001267895804309,gravity
1005,0.32901573,0.003527331,0.002889365,0.008008911055560187,gravity
1006,0.32890105,0.0035303228,0.0028920628,0.008016388999669903,gravity
1007,0.328814,0.003532877,0.0028943426,0.008022708498135626,gravity
1008,0.3287281,0.0035354625,0.0028966463,0.008029093824710367,gravity
1009,0.3286431,0.0035380782,0.002898973,0.008035543043273273,gravity
1010,0.32858035,0.0035403054,0.0029009334,0.008040977089135344,gravity
1011,0.32852244,0.0035424707,0.0029028328,0.008046242047109544,gravity
1012,0.32846534,0.0035446587,0.0029047492,0.008051554117357846,gravity
1013,0.32841885,0.0035466503,0.002906482,0.008056356987821684,gravity
1014,0.3283827,0.0035484417,0.002908028,0.00806064226864403,gravity
1015,0.3283471,0.0035502478,0.0029095854,0.00806495917277365,gravity
1016,0.3283143,0.0035520084,0.0029110995,0.008069156037410352,gravity
1017,0.32829458,0.0035534673,0.002912338,0.008072588779683552,gravity
1018,0.3282751,0.0035549384,0.0029135856,0.008076047336901466,gravity
1019,0.32825586,0.003556421,0.0029148427,0.008079531709064093,gravity
1020,0.32824612,0.0035576457,0.0029158676,0.008082372643729751,gravity
1021,0.32823846,0.0035588262,0.0029168515,0.008085099992638671,gravity
1022,0.32823083,0.0035600138,0.0029178415,0.008087844121261656,gravity
1023,0.32822752,0.0035610744,0.0029187181,0.008090273952932759,gravity
1024,0.32822797,0.003562006,0.0029194804,0.008092386906157512,gravity
1025,0.3282284,0.0035629426,0.0029202474,0.00809451276685462,gravity
1026,0.32822892,0.0035637273,0.0029208893,0.00809629206191896,gravity
1027,0.32822892,0.0035637273,0.0029208893,0.00809629206191896,gravity
