dim,SRM,abs_SRM,stream
0,0.12677551805973053,0.12677551805973053,acc_mean
1,-0.09836642444133759,0.09836642444133759,acc_mean
2,-0.19172532856464386,0.19172532856464386,acc_mean
3,-0.39179641008377075,0.39179641008377075,acc_mean
4,-0.18060676753520966,0.18060676753520966,acc_mean
5,0.12538069486618042,0.12538069486618042,acc_mean
6,0.13103307783603668,0.13103307783603668,acc_mean
7,0.4787321090698242,0.4787321090698242,acc_mean
8,0.07970819622278214,0.07970819622278214,acc_mean
9,-0.18540096282958984,0.18540096282958984,acc_mean
10,0.15865513682365417,0.15865513682365417,acc_mean
11,-0.08953086286783218,0.08953086286783218,acc_mean
12,-0.03408176451921463,0.03408176451921463,acc_mean
13,0.2337072640657425,0.2337072640657425,acc_mean
14,-0.16342300176620483,0.16342300176620483,acc_mean
15,0.4948277771472931,0.4948277771472931,acc_mean
16,0.05523465946316719,0.05523465946316719,acc_mean
17,-0.20137397944927216,0.20137397944927216,acc_mean
18,-0.03198297321796417,0.03198297321796417,acc_mean
19,-0.5016562342643738,0.5016562342643738,acc_mean
20,-0.024397874251008034,0.024397874251008034,acc_mean
21,0.05005732178688049,0.05005732178688049,acc_mean
22,0.44935640692710876,0.44935640692710876,acc_mean
23,0.12855510413646698,0.12855510413646698,acc_mean
24,-0.043337926268577576,0.043337926268577576,acc_mean
25,-0.25932392477989197,0.25932392477989197,acc_mean
26,-0.4567117989063263,0.4567117989063263,acc_mean
27,0.09958227723836899,0.09958227723836899,acc_mean
28,-0.3216874897480011,0.3216874897480011,acc_mean
29,0.29228755831718445,0.29228755831718445,acc_mean
30,-0.23510506749153137,0.23510506749153137,acc_mean
31,-0.0055847205221652985,0.0055847205221652985,acc_mean
32,-0.03176804259419441,0.03176804259419441,acc_mean
33,0.2048490196466446,0.2048490196466446,acc_mean
34,-0.0031510714907199144,0.0031510714907199144,acc_mean
35,-0.26650354266166687,0.26650354266166687,acc_mean
36,-0.2358839511871338,0.2358839511871338,acc_mean
37,0.12245134264230728,0.12245134264230728,acc_mean
38,-0.33109965920448303,0.33109965920448303,acc_mean
39,0.2944176495075226,0.2944176495075226,acc_mean
40,0.31332671642303467,0.31332671642303467,acc_mean
41,-0.23244909942150116,0.23244909942150116,acc_mean
42,0.3467338979244232,0.3467338979244232,acc_mean
43,-0.0614200197160244,0.0614200197160244,acc_mean
44,-0.1931295394897461,0.1931295394897461,acc_mean
45,0.4990539848804474,0.4990539848804474,acc_mean
46,-0.32024329900741577,0.32024329900741577,acc_mean
47,-0.250175803899765,0.250175803899765,acc_mean
48,-0.36134177446365356,0.36134177446365356,acc_mean
49,0.1303943544626236,0.1303943544626236,acc_mean
50,-0.13913697004318237,0.13913697004318237,acc_mean
51,-0.1721448302268982,0.1721448302268982,acc_mean
52,-0.3153756260871887,0.3153756260871887,acc_mean
53,0.026699738577008247,0.026699738577008247,acc_mean
54,0.1282266080379486,0.1282266080379486,acc_mean
55,0.5510693192481995,0.5510693192481995,acc_mean
56,-0.13116644322872162,0.13116644322872162,acc_mean
57,0.23946185410022736,0.23946185410022736,acc_mean
58,0.4735596179962158,0.4735596179962158,acc_mean
59,0.19996733963489532,0.19996733963489532,acc_mean
60,0.2561201751232147,0.2561201751232147,acc_mean
61,0.40180468559265137,0.40180468559265137,acc_mean
62,0.386330246925354,0.386330246925354,acc_mean
63,0.13157016038894653,0.13157016038894653,acc_mean
64,0.03819313272833824,0.03819313272833824,acc_std
65,0.3051927387714386,0.3051927387714386,acc_std
66,0.24745535850524902,0.24745535850524902,acc_std
67,0.12067460268735886,0.12067460268735886,acc_std
68,0.2587994933128357,0.2587994933128357,acc_std
69,0.27097928524017334,0.27097928524017334,acc_std
70,0.013843866065144539,0.013843866065144539,acc_std
71,0.14852948486804962,0.14852948486804962,acc_std
72,0.2725670635700226,0.2725670635700226,acc_std
73,0.1995338797569275,0.1995338797569275,acc_std
74,0.1406911313533783,0.1406911313533783,acc_std
75,0.11686530709266663,0.11686530709266663,acc_std
76,0.1940617710351944,0.1940617710351944,acc_std
77,-0.3468411862850189,0.3468411862850189,acc_std
78,0.00024089371436275542,0.00024089371436275542,acc_std
79,-0.29160675406455994,0.29160675406455994,acc_std
80,-0.09066179394721985,0.09066179394721985,acc_std
81,-0.03303826227784157,0.03303826227784157,acc_std
82,0.27294260263442993,0.27294260263442993,acc_std
83,-0.25404587388038635,0.25404587388038635,acc_std
84,0.25977081060409546,0.25977081060409546,acc_std
85,0.10254618525505066,0.10254618525505066,acc_std
86,0.09280966222286224,0.09280966222286224,acc_std
87,-0.08280392736196518,0.08280392736196518,acc_std
88,0.0911661684513092,0.0911661684513092,acc_std
89,-0.038302481174468994,0.038302481174468994,acc_std
90,0.10786156356334686,0.10786156356334686,acc_std
91,0.014272913336753845,0.014272913336753845,acc_std
92,0.10309617221355438,0.10309617221355438,acc_std
93,0.24663464725017548,0.24663464725017548,acc_std
94,0.17917580902576447,0.17917580902576447,acc_std
95,0.04214777424931526,0.04214777424931526,acc_std
96,0.09136880189180374,0.09136880189180374,acc_std
97,-0.2621801197528839,0.2621801197528839,acc_std
98,0.05266302824020386,0.05266302824020386,acc_std
99,-0.025396224111318588,0.025396224111318588,acc_std
100,-0.04720214009284973,0.04720214009284973,acc_std
101,0.24276337027549744,0.24276337027549744,acc_std
102,-0.06894069164991379,0.06894069164991379,acc_std
103,0.33216267824172974,0.33216267824172974,acc_std
104,-0.29383185505867004,0.29383185505867004,acc_std
105,-0.055806856602430344,0.055806856602430344,acc_std
106,-0.017573341727256775,0.017573341727256775,acc_std
107,0.18790125846862793,0.18790125846862793,acc_std
108,0.09474214911460876,0.09474214911460876,acc_std
109,-0.08002280443906784,0.08002280443906784,acc_std
110,-0.3712700307369232,0.3712700307369232,acc_std
111,-0.07785040885210037,0.07785040885210037,acc_std
112,-0.08915385603904724,0.08915385603904724,acc_std
113,9.837264951784164e-05,9.837264951784164e-05,acc_std
114,0.06252466887235641,0.06252466887235641,acc_std
115,0.13861094415187836,0.13861094415187836,acc_std
116,-0.11613750457763672,0.11613750457763672,acc_std
117,0.07636261731386185,0.07636261731386185,acc_std
118,0.011570856906473637,0.011570856906473637,acc_std
119,0.0022916351445019245,0.0022916351445019245,acc_std
120,-0.05016982927918434,0.05016982927918434,acc_std
121,0.09891323745250702,0.09891323745250702,acc_std
122,0.040866509079933167,0.040866509079933167,acc_std
123,0.06884654611349106,0.06884654611349106,acc_std
124,-0.041550371795892715,0.041550371795892715,acc_std
125,0.19383417069911957,0.19383417069911957,acc_std
126,-0.13178551197052002,0.13178551197052002,acc_std
127,0.06037376448512077,0.06037376448512077,acc_std
128,-0.06634807586669922,0.06634807586669922,gravity
129,-0.06634807586669922,0.06634807586669922,gravity
130,-0.06773505359888077,0.06773505359888077,gravity
131,-0.06947918236255646,0.06947918236255646,gravity
132,-0.07131639122962952,0.07131639122962952,gravity
133,-0.07325531542301178,0.07325531542301178,gravity
134,-0.07530247420072556,0.07530247420072556,gravity
135,-0.07746367901563644,0.07746367901563644,gravity
136,-0.07974465191364288,0.07974465191364288,gravity
137,-0.08214324712753296,0.08214324712753296,gravity
138,-0.08467968553304672,0.08467968553304672,gravity
139,-0.08736415207386017,0.08736415207386017,gravity
140,-0.09017249196767807,0.09017249196767807,gravity
141,-0.09313837438821793,0.09313837438821793,gravity
142,-0.09627863019704819,0.09627863019704819,gravity
143,-0.09956760704517365,0.09956760704517365,gravity
144,-0.10301027446985245,0.10301027446985245,gravity
145,-0.1066487729549408,0.1066487729549408,gravity
146,-0.11047296226024628,0.11047296226024628,gravity
147,-0.11441075056791306,0.11441075056791306,gravity
148,-0.11855056881904602,0.11855056881904602,gravity
149,-0.12288869917392731,0.12288869917392731,gravity
150,-0.12729179859161377,0.12729179859161377,gravity
151,-0.13183900713920593,0.13183900713920593,gravity
152,-0.13652946054935455,0.13652946054935455,gravity
153,-0.14123620092868805,0.14123620092868805,gravity
154,-0.14591224491596222,0.14591224491596222,gravity
155,-0.1505887806415558,0.1505887806415558,gravity
156,-0.1551557034254074,0.1551557034254074,gravity
157,-0.1594044268131256,0.1594044268131256,gravity
158,-0.1634032428264618,0.1634032428264618,gravity
159,-0.16703815758228302,0.16703815758228302,gravity
160,-0.17006966471672058,0.17006966471672058,gravity
161,-0.17252370715141296,0.17252370715141296,gravity
162,-0.17432232201099396,0.17432232201099396,gravity
163,-0.17534534633159637,0.17534534633159637,gravity
164,-0.1755823791027069,0.1755823791027069,gravity
165,-0.17504210770130157,0.17504210770130157,gravity
166,-0.17372480034828186,0.17372480034828186,gravity
167,-0.17172345519065857,0.17172345519065857,gravity
168,-0.16907092928886414,0.16907092928886414,gravity
169,-0.16582827270030975,0.16582827270030975,gravity
170,-0.162199467420578,0.162199467420578,gravity
171,-0.15819792449474335,0.15819792449474335,gravity
172,-0.1538790762424469,0.1538790762424469,gravity
173,-0.14941056072711945,0.14941056072711945,gravity
174,-0.1448686420917511,0.1448686420917511,gravity
175,-0.14022298157215118,0.14022298157215118,gravity
176,-0.13555580377578735,0.13555580377578735,gravity
177,-0.13102605938911438,0.13102605938911438,gravity
178,-0.12651415169239044,0.12651415169239044,gravity
179,-0.12204793095588684,0.12204793095588684,gravity
180,-0.11778093874454498,0.11778093874454498,gravity
181,-0.11361096054315567,0.11361096054315567,gravity
182,-0.1095249205827713,0.1095249205827713,gravity
183,-0.10559886693954468,0.10559886693954468,gravity
184,-0.10182597488164902,0.10182597488164902,gravity
185,-0.09814354032278061,0.09814354032278061,gravity
186,-0.09457380324602127,0.09457380324602127,gravity
187,-0.0911794975399971,0.0911794975399971,gravity
188,-0.08786805719137192,0.08786805719137192,gravity
189,-0.08464081585407257,0.08464081585407257,gravity
190,-0.08156290650367737,0.08156290650367737,gravity
191,-0.07856905460357666,0.07856905460357666,gravity
192,-0.0756462812423706,0.0756462812423706,gravity
193,-0.07282450050115585,0.07282450050115585,gravity
194,-0.07009301334619522,0.07009301334619522,gravity
195,-0.06741948425769806,0.06741948425769806,gravity
196,-0.06481141597032547,0.06481141597032547,gravity
197,-0.06229113042354584,0.06229113042354584,gravity
198,-0.059816744178533554,0.059816744178533554,gravity
199,-0.05738893151283264,0.05738893151283264,gravity
200,-0.05502989888191223,0.05502989888191223,gravity
201,-0.05271235853433609,0.05271235853433609,gravity
202,-0.05043070763349533,0.05043070763349533,gravity
203,-0.048194944858551025,0.048194944858551025,gravity
204,-0.0459979884326458,0.0459979884326458,gravity
205,-0.04382842034101486,0.04382842034101486,gravity
206,-0.04168891906738281,0.04168891906738281,gravity
207,-0.039582643657922745,0.039582643657922745,gravity
208,-0.03749636188149452,0.03749636188149452,gravity
209,-0.03543059527873993,0.03543059527873993,gravity
210,-0.0333891399204731,0.0333891399204731,gravity
211,-0.0313623771071434,0.0313623771071434,gravity
212,-0.02934974431991577,0.02934974431991577,gravity
213,-0.027352361008524895,0.027352361008524895,gravity
214,-0.02536548487842083,0.02536548487842083,gravity
215,-0.023386668413877487,0.023386668413877487,gravity
216,-0.021416883915662766,0.021416883915662766,gravity
217,-0.019453255459666252,0.019453255459666252,gravity
218,-0.017492543905973434,0.017492543905973434,gravity
219,-0.015535440295934677,0.015535440295934677,gravity
220,-0.013580997474491596,0.013580997474491596,gravity
221,-0.011625096201896667,0.011625096201896667,gravity
222,-0.009667899459600449,0.009667899459600449,gravity
223,-0.007710292935371399,0.007710292935371399,gravity
224,-0.0057480791583657265,0.0057480791583657265,gravity
225,-0.003779938444495201,0.003779938444495201,gravity
226,-0.001807300141081214,0.001807300141081214,gravity
227,0.00017070263857021928,0.00017070263857021928,gravity
228,0.002158614806830883,0.002158614806830883,gravity
229,0.004155903123319149,0.004155903123319149,gravity
230,0.006158255040645599,0.006158255040645599,gravity
231,0.008173590525984764,0.008173590525984764,gravity
232,0.010202712379395962,0.010202712379395962,gravity
233,0.01223964337259531,0.01223964337259531,gravity
234,0.014288280159235,0.014288280159235,gravity
235,0.016354717314243317,0.016354717314243317,gravity
236,0.018435433506965637,0.018435433506965637,gravity
237,0.020522061735391617,0.020522061735391617,gravity
238,0.022630488499999046,0.022630488499999046,gravity
239,0.024759674444794655,0.024759674444794655,gravity
240,0.02689199708402157,0.02689199708402157,gravity
241,0.02904549054801464,0.02904549054801464,gravity
242,0.031223637983202934,0.031223637983202934,gravity
243,0.03341153264045715,0.03341153264045715,gravity
244,0.035612039268016815,0.035612039268016815,gravity
245,0.03784073889255524,0.03784073889255524,gravity
246,0.0400906465947628,0.0400906465947628,gravity
247,0.04233912378549576,0.04233912378549576,gravity
248,0.044618871062994,0.044618871062994,gravity
249,0.046928659081459045,0.046928659081459045,gravity
250,0.049231551587581635,0.049231551587581635,gravity
251,0.05156070739030838,0.05156070739030838,gravity
252,0.05392240732908249,0.05392240732908249,gravity
253,0.056289397180080414,0.056289397180080414,gravity
254,0.05866420641541481,0.05866420641541481,gravity
255,0.06107376143336296,0.06107376143336296,gravity
256,0.06350573152303696,0.06350573152303696,gravity
257,0.06592126190662384,0.06592126190662384,gravity
258,0.06837178766727448,0.06837178766727448,gravity
259,0.07085615396499634,0.07085615396499634,gravity
260,0.07331489771604538,0.07331489771604538,gravity
261,0.07579684257507324,0.07579684257507324,gravity
262,0.07831171154975891,0.07831171154975891,gravity
263,0.08081843703985214,0.08081843703985214,gravity
264,0.08331814408302307,0.08331814408302307,gravity
265,0.08584849536418915,0.08584849536418915,gravity
266,0.08839193731546402,0.08839193731546402,gravity
267,0.09089161455631256,0.09089161455631256,gravity
268,0.09341718256473541,0.09341718256473541,gravity
269,0.09596484154462814,0.09596484154462814,gravity
270,0.09845593571662903,0.09845593571662903,gravity
271,0.10095053166151047,0.10095053166151047,gravity
272,0.10345980525016785,0.10345980525016785,gravity
273,0.10593046247959137,0.10593046247959137,gravity
274,0.10836146026849747,0.10836146026849747,gravity
275,0.11079589277505875,0.11079589277505875,gravity
276,0.11321097612380981,0.11321097612380981,gravity
277,0.11553759127855301,0.11553759127855301,gravity
278,0.117854043841362,0.117854043841362,gravity
279,0.12015198171138763,0.12015198171138763,gravity
280,0.12234305590391159,0.12234305590391159,gravity
281,0.12448962032794952,0.12448962032794952,gravity
282,0.12659920752048492,0.12659920752048492,gravity
283,0.1286156177520752,0.1286156177520752,gravity
284,0.130533829331398,0.130533829331398,gravity
285,0.13239462673664093,0.13239462673664093,gravity
286,0.13417266309261322,0.13417266309261322,gravity
287,0.13580018281936646,0.13580018281936646,gravity
288,0.13734754920005798,0.13734754920005798,gravity
289,0.13880470395088196,0.13880470395088196,gravity
290,0.1400928795337677,0.1400928795337677,gravity
291,0.1412639319896698,0.1412639319896698,gravity
292,0.14232295751571655,0.14232295751571655,gravity
293,0.14322388172149658,0.14322388172149658,gravity
294,0.1439630538225174,0.1439630538225174,gravity
295,0.1445716917514801,0.1445716917514801,gravity
296,0.1450313925743103,0.1450313925743103,gravity
297,0.1452973484992981,0.1452973484992981,gravity
298,0.14541937410831451,0.14541937410831451,gravity
299,0.14539268612861633,0.14539268612861633,gravity
300,0.1451726108789444,0.1451726108789444,gravity
301,0.14479407668113708,0.14479407668113708,gravity
302,0.1442643702030182,0.1442643702030182,gravity
303,0.14356374740600586,0.14356374740600586,gravity
304,0.1426963061094284,0.1426963061094284,gravity
305,0.14168262481689453,0.14168262481689453,gravity
306,0.14052124321460724,0.14052124321460724,gravity
307,0.13920047879219055,0.13920047879219055,gravity
308,0.13774621486663818,0.13774621486663818,gravity
309,0.13616371154785156,0.13616371154785156,gravity
310,0.13444852828979492,0.13444852828979492,gravity
311,0.13261589407920837,0.13261589407920837,gravity
312,0.1306750774383545,0.1306750774383545,gravity
313,0.12863269448280334,0.12863269448280334,gravity
314,0.12649545073509216,0.12649545073509216,gravity
315,0.1242724061012268,0.1242724061012268,gravity
316,0.12197276204824448,0.12197276204824448,gravity
317,0.11960934102535248,0.11960934102535248,gravity
318,0.11718209832906723,0.11718209832906723,gravity
319,0.1146991103887558,0.1146991103887558,gravity
320,0.11218222975730896,0.11218222975730896,gravity
321,0.10962469130754471,0.10962469130754471,gravity
322,0.10703136771917343,0.10703136771917343,gravity
323,0.10442187637090683,0.10442187637090683,gravity
324,0.10179996490478516,0.10179996490478516,gravity
325,0.09915915876626968,0.09915915876626968,gravity
326,0.09651017934083939,0.09651017934083939,gravity
327,0.09388008713722229,0.09388008713722229,gravity
328,0.09124347567558289,0.09124347567558289,gravity
329,0.0886056125164032,0.0886056125164032,gravity
330,0.08600456267595291,0.08600456267595291,gravity
331,0.08341371268033981,0.08341371268033981,gravity
332,0.08083057403564453,0.08083057403564453,gravity
333,0.0782824158668518,0.0782824158668518,gravity
334,0.07576937973499298,0.07576937973499298,gravity
335,0.07326964288949966,0.07326964288949966,gravity
336,0.0707954466342926,0.0707954466342926,gravity
337,0.06838278472423553,0.06838278472423553,gravity
338,0.06598735600709915,0.06598735600709915,gravity
339,0.06361151486635208,0.06361151486635208,gravity
340,0.06130512058734894,0.06130512058734894,gravity
341,0.059028055518865585,0.059028055518865585,gravity
342,0.05677209049463272,0.05677209049463272,gravity
343,0.05456984415650368,0.05456984415650368,gravity
344,0.05241997912526131,0.05241997912526131,gravity
345,0.05029119923710823,0.05029119923710823,gravity
346,0.04819566756486893,0.04819566756486893,gravity
347,0.046178027987480164,0.046178027987480164,gravity
348,0.04418080300092697,0.04418080300092697,gravity
349,0.04220401495695114,0.04220401495695114,gravity
350,0.040308158844709396,0.040308158844709396,gravity
351,0.03844354674220085,0.03844354674220085,gravity
352,0.036598075181245804,0.036598075181245804,gravity
353,0.034809838980436325,0.034809838980436325,gravity
354,0.03307635337114334,0.03307635337114334,gravity
355,0.031361110508441925,0.031361110508441925,gravity
356,0.02967662550508976,0.02967662550508976,gravity
357,0.028072219341993332,0.028072219341993332,gravity
358,0.026484323665499687,0.026484323665499687,gravity
359,0.024912066757678986,0.024912066757678986,gravity
360,0.02342069149017334,0.02342069149017334,gravity
361,0.021956369280815125,0.021956369280815125,gravity
362,0.020506098866462708,0.020506098866462708,gravity
363,0.019108841195702553,0.019108841195702553,gravity
364,0.017763590440154076,0.017763590440154076,gravity
365,0.01643066667020321,0.01643066667020321,gravity
366,0.015123444609344006,0.015123444609344006,gravity
367,0.01389237679541111,0.01389237679541111,gravity
368,0.01267241220921278,0.01267241220921278,gravity
369,0.011462693102657795,0.011462693102657795,gravity
370,0.010328346863389015,0.010328346863389015,gravity
371,0.009215662255883217,0.009215662255883217,gravity
372,0.008112058974802494,0.008112058974802494,gravity
373,0.0070557063445448875,0.0070557063445448875,gravity
374,0.006045507732778788,0.006045507732778788,gravity
375,0.005042757838964462,0.005042757838964462,gravity
376,0.004060226492583752,0.004060226492583752,gravity
377,0.0031469494570046663,0.0031469494570046663,gravity
378,0.002239799592643976,0.002239799592643976,gravity
379,0.0013390310341492295,0.0013390310341492295,gravity
380,0.0005049379542469978,0.0005049379542469978,gravity
381,-0.00031166410190053284,0.00031166410190053284,gravity
382,-0.0011236201971769333,0.0011236201971769333,gravity
383,-0.0018949437653645873,0.0018949437653645873,gravity
384,-0.002626656321808696,0.002626656321808696,gravity
385,-0.0033543913159519434,0.0033543913159519434,gravity
386,-0.004066940862685442,0.004066940862685442,gravity
387,-0.0047191353514790535,0.0047191353514790535,gravity
388,-0.005368251819163561,0.005368251819163561,gravity
389,-0.006014268379658461,0.006014268379658461,gravity
390,-0.0066031161695718765,0.0066031161695718765,gravity
391,-0.007178719621151686,0.007178719621151686,gravity
392,-0.007751844823360443,0.007751844823360443,gravity
393,-0.0082918806001544,0.0082918806001544,gravity
394,-0.008799219503998756,0.008799219503998756,gravity
395,-0.009304831735789776,0.009304831735789776,gravity
396,-0.009798865765333176,0.009798865765333176,gravity
397,-0.010243003256618977,0.010243003256618977,gravity
398,-0.01068609207868576,0.01068609207868576,gravity
399,-0.011127589270472527,0.011127589270472527,gravity
400,-0.011522992514073849,0.011522992514073849,gravity
401,-0.01190850418061018,0.01190850418061018,gravity
402,-0.012292762286961079,0.012292762286961079,gravity
403,-0.012651235796511173,0.012651235796511173,gravity
404,-0.012983971275389194,0.012983971275389194,gravity
405,-0.013316073454916477,0.013316073454916477,gravity
406,-0.01363977137953043,0.01363977137953043,gravity
407,-0.013924704864621162,0.013924704864621162,gravity
408,-0.014209404587745667,0.014209404587745667,gravity
409,-0.014493490569293499,0.014493490569293499,gravity
410,-0.01474212110042572,0.01474212110042572,gravity
411,-0.0149839511141181,0.0149839511141181,gravity
412,-0.015225125476717949,0.015225125476717949,gravity
413,-0.015447455458343029,0.015447455458343029,gravity
414,-0.015650974586606026,0.015650974586606026,gravity
415,-0.015853727236390114,0.015853727236390114,gravity
416,-0.01605110988020897,0.01605110988020897,gravity
417,-0.016220489516854286,0.016220489516854286,gravity
418,-0.0163895096629858,0.0163895096629858,gravity
419,-0.0165584534406662,0.0165584534406662,gravity
420,-0.016702925786376,0.016702925786376,gravity
421,-0.01684199832379818,0.01684199832379818,gravity
422,-0.016981175169348717,0.016981175169348717,gravity
423,-0.017107119783759117,0.017107119783759117,gravity
424,-0.017220743000507355,0.017220743000507355,gravity
425,-0.017334161326289177,0.017334161326289177,gravity
426,-0.017428427934646606,0.017428427934646606,gravity
427,-0.017428427934646606,0.017428427934646606,gravity
428,-0.11141697317361832,0.11141697317361832,gravity
429,-0.11141697317361832,0.11141697317361832,gravity
430,-0.11209318041801453,0.11209318041801453,gravity
431,-0.1129259392619133,0.1129259392619133,gravity
432,-0.11378103494644165,0.11378103494644165,gravity
433,-0.11461835354566574,0.11461835354566574,gravity
434,-0.11543398350477219,0.11543398350477219,gravity
435,-0.11626511067152023,0.11626511067152023,gravity
436,-0.11709533631801605,0.11709533631801605,gravity
437,-0.11786166578531265,0.11786166578531265,gravity
438,-0.11863089352846146,0.11863089352846146,gravity
439,-0.11939787864685059,0.11939787864685059,gravity
440,-0.12007864564657211,0.12007864564657211,gravity
441,-0.12072466313838959,0.12072466313838959,gravity
442,-0.12134189903736115,0.12134189903736115,gravity
443,-0.12187113612890244,0.12187113612890244,gravity
444,-0.12229754030704498,0.12229754030704498,gravity
445,-0.1226523146033287,0.1226523146033287,gravity
446,-0.12290113419294357,0.12290113419294357,gravity
447,-0.12296014279127121,0.12296014279127121,gravity
448,-0.122883141040802,0.122883141040802,gravity
449,-0.12264101207256317,0.12264101207256317,gravity
450,-0.1221359595656395,0.1221359595656395,gravity
451,-0.12139146775007248,0.12139146775007248,gravity
452,-0.12038188427686691,0.12038188427686691,gravity
453,-0.11904183030128479,0.11904183030128479,gravity
454,-0.1173408031463623,0.1173408031463623,gravity
455,-0.11526582390069962,0.11526582390069962,gravity
456,-0.11277610063552856,0.11277610063552856,gravity
457,-0.10984671115875244,0.10984671115875244,gravity
458,-0.10646336525678635,0.10646336525678635,gravity
459,-0.102605901658535,0.102605901658535,gravity
460,-0.09832067042589188,0.09832067042589188,gravity
461,-0.0935928225517273,0.0935928225517273,gravity
462,-0.08843109011650085,0.08843109011650085,gravity
463,-0.08292733877897263,0.08292733877897263,gravity
464,-0.0771382749080658,0.0771382749080658,gravity
465,-0.07106075435876846,0.07106075435876846,gravity
466,-0.06478135287761688,0.06478135287761688,gravity
467,-0.05846730247139931,0.05846730247139931,gravity
468,-0.05205389857292175,0.05205389857292175,gravity
469,-0.04560484364628792,0.04560484364628792,gravity
470,-0.03930586948990822,0.03930586948990822,gravity
471,-0.0330917164683342,0.0330917164683342,gravity
472,-0.026979675516486168,0.026979675516486168,gravity
473,-0.021077821031212807,0.021077821031212807,gravity
474,-0.015397029928863049,0.015397029928863049,gravity
475,-0.009887459687888622,0.009887459687888622,gravity
476,-0.004587172530591488,0.004587172530591488,gravity
477,0.0004309705982450396,0.0004309705982450396,gravity
478,0.005262799561023712,0.005262799561023712,gravity
479,0.009901387616991997,0.009901387616991997,gravity
480,0.014279595576226711,0.014279595576226711,gravity
481,0.018469804897904396,0.018469804897904396,gravity
482,0.02248603291809559,0.02248603291809559,gravity
483,0.026301363483071327,0.026301363483071327,gravity
484,0.029934322461485863,0.029934322461485863,gravity
485,0.033419448882341385,0.033419448882341385,gravity
486,0.03675312548875809,0.03675312548875809,gravity
487,0.03992306813597679,0.03992306813597679,gravity
488,0.042971208691596985,0.042971208691596985,gravity
489,0.04590022936463356,0.04590022936463356,gravity
490,0.048698607832193375,0.048698607832193375,gravity
491,0.05139375478029251,0.05139375478029251,gravity
492,0.0539921335875988,0.0539921335875988,gravity
493,0.056491803377866745,0.056491803377866745,gravity
494,0.05890389531850815,0.05890389531850815,gravity
495,0.06123761460185051,0.06123761460185051,gravity
496,0.06349436938762665,0.06349436938762665,gravity
497,0.06568057835102081,0.06568057835102081,gravity
498,0.06780308485031128,0.06780308485031128,gravity
499,0.06986312568187714,0.06986312568187714,gravity
500,0.07186809182167053,0.07186809182167053,gravity
501,0.07382165640592575,0.07382165640592575,gravity
502,0.07572445273399353,0.07572445273399353,gravity
503,0.07758170366287231,0.07758170366287231,gravity
504,0.07939980179071426,0.07939980179071426,gravity
505,0.08117640763521194,0.08117640763521194,gravity
506,0.08291348069906235,0.08291348069906235,gravity
507,0.08462284505367279,0.08462284505367279,gravity
508,0.08629801869392395,0.08629801869392395,gravity
509,0.0879393070936203,0.0879393070936203,gravity
510,0.08955848962068558,0.08955848962068558,gravity
511,0.0911519005894661,0.0911519005894661,gravity
512,0.0927172526717186,0.0927172526717186,gravity
513,0.09426132589578629,0.09426132589578629,gravity
514,0.09578833729028702,0.09578833729028702,gravity
515,0.09729237109422684,0.09729237109422684,gravity
516,0.09877530485391617,0.09877530485391617,gravity
517,0.10024796426296234,0.10024796426296234,gravity
518,0.10170184820890427,0.10170184820890427,gravity
519,0.1031368151307106,0.1031368151307106,gravity
520,0.10456272214651108,0.10456272214651108,gravity
521,0.10597541183233261,0.10597541183233261,gravity
522,0.10737264156341553,0.10737264156341553,gravity
523,0.10875901579856873,0.10875901579856873,gravity
524,0.11013715714216232,0.11013715714216232,gravity
525,0.11150314658880234,0.11150314658880234,gravity
526,0.11285693943500519,0.11285693943500519,gravity
527,0.11420585215091705,0.11420585215091705,gravity
528,0.11554472148418427,0.11554472148418427,gravity
529,0.11687291413545609,0.11687291413545609,gravity
530,0.11819535493850708,0.11819535493850708,gravity
531,0.11951076239347458,0.11951076239347458,gravity
532,0.12081753462553024,0.12081753462553024,gravity
533,0.12211645394563675,0.12211645394563675,gravity
534,0.12341021001338959,0.12341021001338959,gravity
535,0.12469707429409027,0.12469707429409027,gravity
536,0.12597617506980896,0.12597617506980896,gravity
537,0.12724913656711578,0.12724913656711578,gravity
538,0.1285165399312973,0.1285165399312973,gravity
539,0.1297776699066162,0.1297776699066162,gravity
540,0.1310298889875412,0.1310298889875412,gravity
541,0.13227738440036774,0.13227738440036774,gravity
542,0.13351917266845703,0.13351917266845703,gravity
543,0.13475213944911957,0.13475213944911957,gravity
544,0.13597771525382996,0.13597771525382996,gravity
545,0.13719844818115234,0.13719844818115234,gravity
546,0.13841134309768677,0.13841134309768677,gravity
547,0.13961261510849,0.13961261510849,gravity
548,0.14080874621868134,0.14080874621868134,gravity
549,0.14199845492839813,0.14199845492839813,gravity
550,0.14317287504673004,0.14317287504673004,gravity
551,0.144339919090271,0.144339919090271,gravity
552,0.14549995958805084,0.14549995958805084,gravity
553,0.1466454267501831,0.1466454267501831,gravity
554,0.1477772295475006,0.1477772295475006,gravity
555,0.14890098571777344,0.14890098571777344,gravity
556,0.15001201629638672,0.15001201629638672,gravity
557,0.1511010229587555,0.1511010229587555,gravity
558,0.1521797627210617,0.1521797627210617,gravity
559,0.15324561297893524,0.15324561297893524,gravity
560,0.1542849838733673,0.1542849838733673,gravity
561,0.1553078591823578,0.1553078591823578,gravity
562,0.15631480515003204,0.15631480515003204,gravity
563,0.15729546546936035,0.15729546546936035,gravity
564,0.15824946761131287,0.15824946761131287,gravity
565,0.15918314456939697,0.15918314456939697,gravity
566,0.16009053587913513,0.16009053587913513,gravity
567,0.1609588861465454,0.1609588861465454,gravity
568,0.16180120408535004,0.16180120408535004,gravity
569,0.16261358559131622,0.16261358559131622,gravity
570,0.1633794605731964,0.1633794605731964,gravity
571,0.16410842537879944,0.16410842537879944,gravity
572,0.16479907929897308,0.16479907929897308,gravity
573,0.1654401421546936,0.1654401421546936,gravity
574,0.1660296767950058,0.1660296767950058,gravity
575,0.16657035052776337,0.16657035052776337,gravity
576,0.16705524921417236,0.16705524921417236,gravity
577,0.16747331619262695,0.16747331619262695,gravity
578,0.1678297519683838,0.1678297519683838,gravity
579,0.16811911761760712,0.16811911761760712,gravity
580,0.16832925379276276,0.16832925379276276,gravity
581,0.1684616059064865,0.1684616059064865,gravity
582,0.1685110479593277,0.1685110479593277,gravity
583,0.16846881806850433,0.16846881806850433,gravity
584,0.16833096742630005,0.16833096742630005,gravity
585,0.1680920124053955,0.1680920124053955,gravity
586,0.1677444875240326,0.1677444875240326,gravity
587,0.1672852486371994,0.1672852486371994,gravity
588,0.16670534014701843,0.16670534014701843,gravity
589,0.16599583625793457,0.16599583625793457,gravity
590,0.16515976190567017,0.16515976190567017,gravity
591,0.16418379545211792,0.16418379545211792,gravity
592,0.16305872797966003,0.16305872797966003,gravity
593,0.16178621351718903,0.16178621351718903,gravity
594,0.16036278009414673,0.16036278009414673,gravity
595,0.15877094864845276,0.15877094864845276,gravity
596,0.15701015293598175,0.15701015293598175,gravity
597,0.15509484708309174,0.15509484708309174,gravity
598,0.1529979556798935,0.1529979556798935,gravity
599,0.15071505308151245,0.15071505308151245,gravity
600,0.14827558398246765,0.14827558398246765,gravity
601,0.1456535905599594,0.1456535905599594,gravity
602,0.14284178614616394,0.14284178614616394,gravity
603,0.139864981174469,0.139864981174469,gravity
604,0.1367250680923462,0.1367250680923462,gravity
605,0.13340215384960175,0.13340215384960175,gravity
606,0.12991005182266235,0.12991005182266235,gravity
607,0.12629161775112152,0.12629161775112152,gravity
608,0.12250757962465286,0.12250757962465286,gravity
609,0.11856620013713837,0.11856620013713837,gravity
610,0.11453010886907578,0.11453010886907578,gravity
611,0.11036600172519684,0.11036600172519684,gravity
612,0.10607531666755676,0.10607531666755676,gravity
613,0.10170541703701019,0.10170541703701019,gravity
614,0.09726671129465103,0.09726671129465103,gravity
615,0.09273738414049149,0.09273738414049149,gravity
616,0.08814463764429092,0.08814463764429092,gravity
617,0.083548903465271,0.083548903465271,gravity
618,0.0789000615477562,0.0789000615477562,gravity
619,0.07421284914016724,0.07421284914016724,gravity
620,0.06956399977207184,0.06956399977207184,gravity
621,0.06491043418645859,0.06491043418645859,gravity
622,0.060251638293266296,0.060251638293266296,gravity
623,0.055640481412410736,0.055640481412410736,gravity
624,0.05108185485005379,0.05108185485005379,gravity
625,0.0465458445250988,0.0465458445250988,gravity
626,0.042056143283843994,0.042056143283843994,gravity
627,0.037672579288482666,0.037672579288482666,gravity
628,0.033331260085105896,0.033331260085105896,gravity
629,0.029040340334177017,0.029040340334177017,gravity
630,0.024874277412891388,0.024874277412891388,gravity
631,0.02077779546380043,0.02077779546380043,gravity
632,0.01674245484173298,0.01674245484173298,gravity
633,0.012814899906516075,0.012814899906516075,gravity
634,0.00899332296103239,0.00899332296103239,gravity
635,0.005237633362412453,0.005237633362412453,gravity
636,0.0015658809570595622,0.0015658809570595622,gravity
637,-0.0019668620079755783,0.0019668620079755783,gravity
638,-0.005433351267129183,0.005433351267129183,gravity
639,-0.008830944076180458,0.008830944076180458,gravity
640,-0.012088575400412083,0.012088575400412083,gravity
641,-0.015267523005604744,0.015267523005604744,gravity
642,-0.018381044268608093,0.018381044268608093,gravity
643,-0.021385682746767998,0.021385682746767998,gravity
644,-0.024286681786179543,0.024286681786179543,gravity
645,-0.027127092704176903,0.027127092704176903,gravity
646,-0.029892416670918465,0.029892416670918465,gravity
647,-0.032528989017009735,0.032528989017009735,gravity
648,-0.03511124476790428,0.03511124476790428,gravity
649,-0.03763909265398979,0.03763909265398979,gravity
650,-0.040042728185653687,0.040042728185653687,gravity
651,-0.04238351806998253,0.04238351806998253,gravity
652,-0.044676411896944046,0.044676411896944046,gravity
653,-0.046879250556230545,0.046879250556230545,gravity
654,-0.04899635538458824,0.04899635538458824,gravity
655,-0.051071569323539734,0.051071569323539734,gravity
656,-0.05309157073497772,0.05309157073497772,gravity
657,-0.05500252544879913,0.05500252544879913,gravity
658,-0.0568775050342083,0.0568775050342083,gravity
659,-0.058716874569654465,0.058716874569654465,gravity
660,-0.060452450066804886,0.060452450066804886,gravity
661,-0.06214354932308197,0.06214354932308197,gravity
662,-0.0638042688369751,0.0638042688369751,gravity
663,-0.06539412587881088,0.06539412587881088,gravity
664,-0.06691642105579376,0.06691642105579376,gravity
665,-0.06841325014829636,0.06841325014829636,gravity
666,-0.06987138092517853,0.06987138092517853,gravity
667,-0.07123921811580658,0.07123921811580658,gravity
668,-0.07258587330579758,0.07258587330579758,gravity
669,-0.07391121983528137,0.07391121983528137,gravity
670,-0.07515120506286621,0.07515120506286621,gravity
671,-0.0763600543141365,0.0763600543141365,gravity
672,-0.07755134254693985,0.07755134254693985,gravity
673,-0.07868736237287521,0.07868736237287521,gravity
674,-0.07977031171321869,0.07977031171321869,gravity
675,-0.08083882182836533,0.08083882182836533,gravity
676,-0.08188057690858841,0.08188057690858841,gravity
677,-0.08284806460142136,0.08284806460142136,gravity
678,-0.0838037058711052,0.0838037058711052,gravity
679,-0.08474767208099365,0.08474767208099365,gravity
680,-0.0856214314699173,0.0856214314699173,gravity
681,-0.08647376298904419,0.08647376298904419,gravity
682,-0.08731659501791,0.08731659501791,gravity
683,-0.08811599761247635,0.08811599761247635,gravity
684,-0.08887369930744171,0.08887369930744171,gravity
685,-0.08962344378232956,0.08962344378232956,gravity
686,-0.0903550311923027,0.0903550311923027,gravity
687,-0.09102579206228256,0.09102579206228256,gravity
688,-0.09169040620326996,0.09169040620326996,gravity
689,-0.092349112033844,0.092349112033844,gravity
690,-0.09295087307691574,0.09295087307691574,gravity
691,-0.09353753179311752,0.09353753179311752,gravity
692,-0.09411928057670593,0.09411928057670593,gravity
693,-0.09466724842786789,0.09466724842786789,gravity
694,-0.09518250077962875,0.09518250077962875,gravity
695,-0.09569426625967026,0.09569426625967026,gravity
696,-0.09619304537773132,0.09619304537773132,gravity
697,-0.09664320945739746,0.09664320945739746,gravity
698,-0.09709042310714722,0.09709042310714722,gravity
699,-0.09753488749265671,0.09753488749265671,gravity
700,-0.09793409705162048,0.09793409705162048,gravity
701,-0.0983230248093605,0.0983230248093605,gravity
702,-0.09870947897434235,0.09870947897434235,gravity
703,-0.0990704745054245,0.0990704745054245,gravity
704,-0.09940607845783234,0.09940607845783234,gravity
705,-0.09974010288715363,0.09974010288715363,gravity
706,-0.10006538778543472,0.10006538778543472,gravity
707,-0.10035299509763718,0.10035299509763718,gravity
708,-0.10063948482275009,0.10063948482275009,gravity
709,-0.10092481225728989,0.10092481225728989,gravity
710,-0.10117606073617935,0.10117606073617935,gravity
711,-0.10141973197460175,0.10141973197460175,gravity
712,-0.10166262835264206,0.10166262835264206,gravity
713,-0.10188670456409454,0.10188670456409454,gravity
714,-0.10209222137928009,0.10209222137928009,gravity
715,-0.10229723900556564,0.10229723900556564,gravity
716,-0.10249592363834381,0.10249592363834381,gravity
717,-0.10266780108213425,0.10266780108213425,gravity
718,-0.10283883661031723,0.10283883661031723,gravity
719,-0.10300983488559723,0.10300983488559723,gravity
720,-0.103156179189682,0.103156179189682,gravity
721,-0.10329777747392654,0.10329777747392654,gravity
722,-0.10343892127275467,0.10343892127275467,gravity
723,-0.10356715321540833,0.10356715321540833,gravity
724,-0.10368288308382034,0.10368288308382034,gravity
725,-0.10379836708307266,0.10379836708307266,gravity
726,-0.10389415174722672,0.10389415174722672,gravity
727,-0.10389415174722672,0.10389415174722672,gravity
728,-0.11297520250082016,0.11297520250082016,gravity
729,-0.11297520250082016,0.11297520250082016,gravity
730,-0.11042849719524384,0.11042849719524384,gravity
731,-0.10727749764919281,0.10727749764919281,gravity
732,-0.10402043908834457,0.10402043908834457,gravity
733,-0.10069300979375839,0.10069300979375839,gravity
734,-0.09729386121034622,0.09729386121034622,gravity
735,-0.0937839075922966,0.0937839075922966,gravity
736,-0.09017693251371384,0.09017693251371384,gravity
737,-0.08653348684310913,0.08653348684310913,gravity
738,-0.08277654647827148,0.08277654647827148,gravity
739,-0.07890523225069046,0.07890523225069046,gravity
740,-0.0750107616186142,0.0750107616186142,gravity
741,-0.07102058827877045,0.07102058827877045,gravity
742,-0.06691692024469376,0.06691692024469376,gravity
743,-0.06276369839906693,0.06276369839906693,gravity
744,-0.05856271833181381,0.05856271833181381,gravity
745,-0.054252155125141144,0.054252155125141144,gravity
746,-0.04985774680972099,0.04985774680972099,gravity
747,-0.0454782210290432,0.0454782210290432,gravity
748,-0.040996260941028595,0.040996260941028595,gravity
749,-0.036414872854948044,0.036414872854948044,gravity
750,-0.03187127411365509,0.03187127411365509,gravity
751,-0.0272624883800745,0.0272624883800745,gravity
752,-0.022566111758351326,0.022566111758351326,gravity
753,-0.017874766141176224,0.017874766141176224,gravity
754,-0.013192359358072281,0.013192359358072281,gravity
755,-0.008437338285148144,0.008437338285148144,gravity
756,-0.0036469369661062956,0.0036469369661062956,gravity
757,0.0010497149778530002,0.0010497149778530002,gravity
758,0.005802290514111519,0.005802290514111519,gravity
759,0.010602778755128384,0.010602778755128384,gravity
760,0.015283766202628613,0.015283766202628613,gravity
761,0.019969528540968895,0.019969528540968895,gravity
762,0.024685047566890717,0.024685047566890717,gravity
763,0.029322821646928787,0.029322821646928787,gravity
764,0.033879589289426804,0.033879589289426804,gravity
765,0.038446955382823944,0.038446955382823944,gravity
766,0.04298367723822594,0.04298367723822594,gravity
767,0.04735252633690834,0.04735252633690834,gravity
768,0.05171500891447067,0.05171500891447067,gravity
769,0.056063082069158554,0.056063082069158554,gravity
770,0.060226332396268845,0.060226332396268845,gravity
771,0.0643349215388298,0.0643349215388298,gravity
772,0.06841447204351425,0.06841447204351425,gravity
773,0.07236186414957047,0.07236186414957047,gravity
774,0.07617732137441635,0.07617732137441635,gravity
775,0.0799519345164299,0.0799519345164299,gravity
776,0.0836486667394638,0.0836486667394638,gravity
777,0.0871429592370987,0.0871429592370987,gravity
778,0.09058767557144165,0.09058767557144165,gravity
779,0.09397716075181961,0.09397716075181961,gravity
780,0.09716258198022842,0.09716258198022842,gravity
781,0.10026249289512634,0.10026249289512634,gravity
782,0.10330215841531754,0.10330215841531754,gravity
783,0.10619556158781052,0.10619556158781052,gravity
784,0.10894584655761719,0.10894584655761719,gravity
785,0.11163297295570374,0.11163297295570374,gravity
786,0.11422821879386902,0.11422821879386902,gravity
787,0.11663158982992172,0.11663158982992172,gravity
788,0.1189708411693573,0.1189708411693573,gravity
789,0.1212439239025116,0.1212439239025116,gravity
790,0.12333304435014725,0.12333304435014725,gravity
791,0.1253354251384735,0.1253354251384735,gravity
792,0.12727268040180206,0.12727268040180206,gravity
793,0.12907981872558594,0.12907981872558594,gravity
794,0.13076025247573853,0.13076025247573853,gravity
795,0.13237789273262024,0.13237789273262024,gravity
796,0.133912593126297,0.133912593126297,gravity
797,0.135288804769516,0.135288804769516,gravity
798,0.13660511374473572,0.13660511374473572,gravity
799,0.13786093890666962,0.13786093890666962,gravity
800,0.1389702558517456,0.1389702558517456,gravity
801,0.14000530540943146,0.14000530540943146,gravity
802,0.1409830003976822,0.1409830003976822,gravity
803,0.1418575942516327,0.1418575942516327,gravity
804,0.14263150095939636,0.14263150095939636,gravity
805,0.14335162937641144,0.14335162937641144,gravity
806,0.14400431513786316,0.14400431513786316,gravity
807,0.14453747868537903,0.14453747868537903,gravity
808,0.14501994848251343,0.14501994848251343,gravity
809,0.14545145630836487,0.14545145630836487,gravity
810,0.14577539265155792,0.14577539265155792,gravity
811,0.14603951573371887,0.14603951573371887,gravity
812,0.14625591039657593,0.14625591039657593,gravity
813,0.14639544486999512,0.14639544486999512,gravity
814,0.14645975828170776,0.14645975828170776,gravity
815,0.14647887647151947,0.14647887647151947,gravity
816,0.14644470810890198,0.14644470810890198,gravity
817,0.1463267207145691,0.1463267207145691,gravity
818,0.1461651772260666,0.1461651772260666,gravity
819,0.14596064388751984,0.14596064388751984,gravity
820,0.14568273723125458,0.14568273723125458,gravity
821,0.14535625278949738,0.14535625278949738,gravity
822,0.14498871564865112,0.14498871564865112,gravity
823,0.1445663869380951,0.1445663869380951,gravity
824,0.1440899819135666,0.1440899819135666,gravity
825,0.14357273280620575,0.14357273280620575,gravity
826,0.1430131196975708,0.1430131196975708,gravity
827,0.14239925146102905,0.14239925146102905,gravity
828,0.1417454183101654,0.1417454183101654,gravity
829,0.14105258882045746,0.14105258882045746,gravity
830,0.1403142660856247,0.1403142660856247,gravity
831,0.1395353525876999,0.1395353525876999,gravity
832,0.13871727883815765,0.13871727883815765,gravity
833,0.13786135613918304,0.13786135613918304,gravity
834,0.13696707785129547,0.13696707785129547,gravity
835,0.13603320717811584,0.13603320717811584,gravity
836,0.13506250083446503,0.13506250083446503,gravity
837,0.13406172394752502,0.13406172394752502,gravity
838,0.13302074372768402,0.13302074372768402,gravity
839,0.13194040954113007,0.13194040954113007,gravity
840,0.13083674013614655,0.13083674013614655,gravity
841,0.12969554960727692,0.12969554960727692,gravity
842,0.12851376831531525,0.12851376831531525,gravity
843,0.1273059844970703,0.1273059844970703,gravity
844,0.12607026100158691,0.12607026100158691,gravity
845,0.12479255348443985,0.12479255348443985,gravity
846,0.12347974628210068,0.12347974628210068,gravity
847,0.12215366959571838,0.12215366959571838,gravity
848,0.12078424543142319,0.12078424543142319,gravity
849,0.11937184631824493,0.11937184631824493,gravity
850,0.11795169115066528,0.11795169115066528,gravity
851,0.11649328470230103,0.11649328470230103,gravity
852,0.11498980224132538,0.11498980224132538,gravity
853,0.11346618086099625,0.11346618086099625,gravity
854,0.11192037910223007,0.11192037910223007,gravity
855,0.11032702028751373,0.11032702028751373,gravity
856,0.1086960956454277,0.1086960956454277,gravity
857,0.1070631593465805,0.1070631593465805,gravity
858,0.10538019984960556,0.10538019984960556,gravity
859,0.10364758968353271,0.10364758968353271,gravity
860,0.1019163429737091,0.1019163429737091,gravity
861,0.10014276951551437,0.10014276951551437,gravity
862,0.09831687062978745,0.09831687062978745,gravity
863,0.09647195786237717,0.09647195786237717,gravity
864,0.09460581839084625,0.09460581839084625,gravity
865,0.09268425405025482,0.09268425405025482,gravity
866,0.09072005748748779,0.09072005748748779,gravity
867,0.08875809609889984,0.08875809609889984,gravity
868,0.08673828840255737,0.08673828840255737,gravity
869,0.08466091752052307,0.08466091752052307,gravity
870,0.08258777111768723,0.08258777111768723,gravity
871,0.08046649396419525,0.08046649396419525,gravity
872,0.07828470319509506,0.07828470319509506,gravity
873,0.07608254998922348,0.07608254998922348,gravity
874,0.07385635375976562,0.07385635375976562,gravity
875,0.07156769186258316,0.07156769186258316,gravity
876,0.06923114508390427,0.06923114508390427,gravity
877,0.06689786911010742,0.06689786911010742,gravity
878,0.06450042128562927,0.06450042128562927,gravity
879,0.062040064483881,0.062040064483881,gravity
880,0.059584882110357285,0.059584882110357285,gravity
881,0.0570785291492939,0.0570785291492939,gravity
882,0.05450844392180443,0.05450844392180443,gravity
883,0.05191812664270401,0.05191812664270401,gravity
884,0.04930485412478447,0.04930485412478447,gravity
885,0.04662923514842987,0.04662923514842987,gravity
886,0.043907586485147476,0.043907586485147476,gravity
887,0.04119429737329483,0.04119429737329483,gravity
888,0.03842078521847725,0.03842078521847725,gravity
889,0.03559068217873573,0.03559068217873573,gravity
890,0.03277437016367912,0.03277437016367912,gravity
891,0.029916202649474144,0.029916202649474144,gravity
892,0.027006451040506363,0.027006451040506363,gravity
893,0.024090003222227097,0.024090003222227097,gravity
894,0.021166598424315453,0.021166598424315453,gravity
895,0.01819874905049801,0.01819874905049801,gravity
896,0.015205402858555317,0.015205402858555317,gravity
897,0.012241758406162262,0.012241758406162262,gravity
898,0.009243384934961796,0.009243384934961796,gravity
899,0.006216603796929121,0.006216603796929121,gravity
900,0.003231290029361844,0.003231290029361844,gravity
901,0.00023588973272126168,0.00023588973272126168,gravity
902,-0.0027758595533668995,0.0027758595533668995,gravity
903,-0.005759657826274633,0.005759657826274633,gravity
904,-0.008714322000741959,0.008714322000741959,gravity
905,-0.011672132648527622,0.011672132648527622,gravity
906,-0.014614272862672806,0.014614272862672806,gravity
907,-0.01748824305832386,0.01748824305832386,gravity
908,-0.020352153107523918,0.020352153107523918,gravity
909,-0.023199915885925293,0.023199915885925293,gravity
910,-0.025966499000787735,0.025966499000787735,gravity
911,-0.028698327019810677,0.028698327019810677,gravity
912,-0.03140193223953247,0.03140193223953247,gravity
913,-0.03403701260685921,0.03403701260685921,gravity
914,-0.03660324960947037,0.03660324960947037,gravity
915,-0.03913090005517006,0.03913090005517006,gravity
916,-0.04160444065928459,0.04160444065928459,gravity
917,-0.043978314846754074,0.043978314846754074,gravity
918,-0.04630620777606964,0.04630620777606964,gravity
919,-0.048584263771772385,0.048584263771772385,gravity
920,-0.05075845122337341,0.05075845122337341,gravity
921,-0.052871182560920715,0.052871182560920715,gravity
922,-0.05493047833442688,0.05493047833442688,gravity
923,-0.05690499395132065,0.05690499395132065,gravity
924,-0.058796148747205734,0.058796148747205734,gravity
925,-0.06063314899802208,0.06063314899802208,gravity
926,-0.062404815107584,0.062404815107584,gravity
927,-0.06407606601715088,0.06407606601715088,gravity
928,-0.06569443643093109,0.06569443643093109,gravity
929,-0.0672585740685463,0.0672585740685463,gravity
930,-0.06872688233852386,0.06872688233852386,gravity
931,-0.07013650983572006,0.07013650983572006,gravity
932,-0.0714951753616333,0.0714951753616333,gravity
933,-0.07278100401163101,0.07278100401163101,gravity
934,-0.07399618625640869,0.07399618625640869,gravity
935,-0.0751655176281929,0.0751655176281929,gravity
936,-0.07628179341554642,0.07628179341554642,gravity
937,-0.07732003927230835,0.07732003927230835,gravity
938,-0.07831724733114243,0.07831724733114243,gravity
939,-0.07927359640598297,0.07927359640598297,gravity
940,-0.08016002178192139,0.08016002178192139,gravity
941,-0.08100362122058868,0.08100362122058868,gravity
942,-0.08181168138980865,0.08181168138980865,gravity
943,-0.08256883919239044,0.08256883919239044,gravity
944,-0.08327769488096237,0.08327769488096237,gravity
945,-0.08395614475011826,0.08395614475011826,gravity
946,-0.08459962904453278,0.08459962904453278,gravity
947,-0.0851915255188942,0.0851915255188942,gravity
948,-0.08575722575187683,0.08575722575187683,gravity
949,-0.08629751205444336,0.08629751205444336,gravity
950,-0.08679340034723282,0.08679340034723282,gravity
951,-0.08726262301206589,0.08726262301206589,gravity
952,-0.0877106636762619,0.0877106636762619,gravity
953,-0.08812730759382248,0.08812730759382248,gravity
954,-0.08851484954357147,0.08851484954357147,gravity
955,-0.08888430148363113,0.08888430148363113,gravity
956,-0.08923335373401642,0.08923335373401642,gravity
957,-0.08955201506614685,0.08955201506614685,gravity
958,-0.08985551446676254,0.08985551446676254,gravity
959,-0.0901443138718605,0.0901443138718605,gravity
960,-0.09040779620409012,0.09040779620409012,gravity
961,-0.09065613895654678,0.09065613895654678,gravity
962,-0.09089253097772598,0.09089253097772598,gravity
963,-0.0911114290356636,0.0911114290356636,gravity
964,-0.09131424874067307,0.09131424874067307,gravity
965,-0.09150677919387817,0.09150677919387817,gravity
966,-0.09168849140405655,0.09168849140405655,gravity
967,-0.0918535590171814,0.0918535590171814,gravity
968,-0.09201030433177948,0.09201030433177948,gravity
969,-0.09215935319662094,0.09215935319662094,gravity
970,-0.09229496121406555,0.09229496121406555,gravity
971,-0.09242235124111176,0.09242235124111176,gravity
972,-0.09254351258277893,0.09254351258277893,gravity
973,-0.09265542030334473,0.09265542030334473,gravity
974,-0.09275917708873749,0.09275917708873749,gravity
975,-0.09285759180784225,0.09285759180784225,gravity
976,-0.09295006841421127,0.09295006841421127,gravity
977,-0.09303460270166397,0.09303460270166397,gravity
978,-0.09311475604772568,0.09311475604772568,gravity
979,-0.093190997838974,0.093190997838974,gravity
980,-0.09326044470071793,0.09326044470071793,gravity
981,-0.09332587569952011,0.09332587569952011,gravity
982,-0.09338811784982681,0.09338811784982681,gravity
983,-0.09344594180583954,0.09344594180583954,gravity
984,-0.0935000628232956,0.0935000628232956,gravity
985,-0.09355125576257706,0.09355125576257706,gravity
986,-0.09359949082136154,0.09359949082136154,gravity
987,-0.0936444103717804,0.0936444103717804,gravity
988,-0.09368692338466644,0.09368692338466644,gravity
989,-0.09372735023498535,0.09372735023498535,gravity
990,-0.09376505017280579,0.09376505017280579,gravity
991,-0.09380076080560684,0.09380076080560684,gravity
992,-0.09383457154035568,0.09383457154035568,gravity
993,-0.09386671334505081,0.09386671334505081,gravity
994,-0.0938970223069191,0.0938970223069191,gravity
995,-0.09392610192298889,0.09392610192298889,gravity
996,-0.09395358711481094,0.09395358711481094,gravity
997,-0.09397968649864197,0.09397968649864197,gravity
998,-0.09400474280118942,0.09400474280118942,gravity
999,-0.0940287709236145,0.0940287709236145,gravity
1000,-0.09405148029327393,0.09405148029327393,gravity
1001,-0.09407331794500351,0.09407331794500351,gravity
1002,-0.09409437328577042,0.09409437328577042,gravity
1003,-0.09411439299583435,0.09411439299583435,gravity
1004,-0.09413367509841919,0.09413367509841919,gravity
1005,-0.09415225684642792,0.09415225684642792,gravity
1006,-0.0941702350974083,0.0941702350974083,gravity
1007,-0.09418736398220062,0.09418736398220062,gravity
1008,-0.09420385211706161,0.09420385211706161,gravity
1009,-0.0942201018333435,0.0942201018333435,gravity
1010,-0.09423527866601944,0.09423527866601944,gravity
1011,-0.09425017237663269,0.09425017237663269,gravity
1012,-0.09426482766866684,0.09426482766866684,gravity
1013,-0.09427869319915771,0.09427869319915771,gravity
1014,-0.09429187327623367,0.09429187327623367,gravity
1015,-0.09430497139692307,0.09430497139692307,gravity
1016,-0.09431759268045425,0.09431759268045425,gravity
1017,-0.09432939440011978,0.09432939440011978,gravity
1018,-0.09434119611978531,0.09434119611978531,gravity
1019,-0.09435249119997025,0.09435249119997025,gravity
1020,-0.09436330199241638,0.09436330199241638,gravity
1021,-0.09437356889247894,0.09437356889247894,gravity
1022,-0.0943838506937027,0.0943838506937027,gravity
1023,-0.0943935364484787,0.0943935364484787,gravity
1024,-0.09440261125564575,0.09440261125564575,gravity
1025,-0.09441159665584564,0.09441159665584564,gravity
1026,-0.09441911429166794,0.09441911429166794,gravity
1027,-0.09441911429166794,0.09441911429166794,gravity
