dim,cohens_d,stream,abs_d
0,-1.4025349617004395,acc_mean,1.4025349617004395
1,-1.0101083517074585,acc_mean,1.0101083517074585
2,-0.6797901391983032,acc_mean,0.6797901391983032
3,1.2584915161132812,acc_mean,1.2584915161132812
4,1.2461273670196533,acc_mean,1.2461273670196533
5,-1.2867945432662964,acc_mean,1.2867945432662964
6,1.265162467956543,acc_mean,1.265162467956543
7,-1.2095876932144165,acc_mean,1.2095876932144165
8,-1.3406429290771484,acc_mean,1.3406429290771484
9,-1.1835590600967407,acc_mean,1.1835590600967407
10,-1.29156494140625,acc_mean,1.29156494140625
11,1.2755564451217651,acc_mean,1.2755564451217651
12,0.5144850015640259,acc_mean,0.5144850015640259
13,0.15079358220100403,acc_mean,0.15079358220100403
14,1.3240880966186523,acc_mean,1.3240880966186523
15,-1.0801472663879395,acc_mean,1.0801472663879395
16,1.0920798778533936,acc_mean,1.0920798778533936
17,-0.5257712602615356,acc_mean,0.5257712602615356
18,-1.2223519086837769,acc_mean,1.2223519086837769
19,0.7864030599594116,acc_mean,0.7864030599594116
20,-0.942264199256897,acc_mean,0.942264199256897
21,-1.230312466621399,acc_mean,1.230312466621399
22,-0.8478602170944214,acc_mean,0.8478602170944214
23,1.0634385347366333,acc_mean,1.0634385347366333
24,-0.7727715969085693,acc_mean,0.7727715969085693
25,1.0574709177017212,acc_mean,1.0574709177017212
26,1.0427050590515137,acc_mean,1.0427050590515137
27,1.239692211151123,acc_mean,1.239692211151123
28,-0.3334634602069855,acc_mean,0.3334634602069855
29,-0.9723801016807556,acc_mean,0.9723801016807556
30,-1.2543150186538696,acc_mean,1.2543150186538696
31,-0.9765635132789612,acc_mean,0.9765635132789612
32,-1.0777065753936768,acc_mean,1.0777065753936768
33,-1.2664178609848022,acc_mean,1.2664178609848022
34,1.0799596309661865,acc_mean,1.0799596309661865
35,1.293763279914856,acc_mean,1.293763279914856
36,-1.0909067392349243,acc_mean,1.0909067392349243
37,1.097266674041748,acc_mean,1.097266674041748
38,1.3117129802703857,acc_mean,1.3117129802703857
39,-1.2509206533432007,acc_mean,1.2509206533432007
40,-1.0794914960861206,acc_mean,1.0794914960861206
41,1.0643998384475708,acc_mean,1.0643998384475708
42,-1.129442811012268,acc_mean,1.129442811012268
43,-1.2161505222320557,acc_mean,1.2161505222320557
44,1.350119948387146,acc_mean,1.350119948387146
45,-0.8077277541160583,acc_mean,0.8077277541160583
46,0.48188143968582153,acc_mean,0.48188143968582153
47,1.326464295387268,acc_mean,1.326464295387268
48,1.1700485944747925,acc_mean,1.1700485944747925
49,-1.2500337362289429,acc_mean,1.2500337362289429
50,1.1979286670684814,acc_mean,1.1979286670684814
51,-1.2192175388336182,acc_mean,1.2192175388336182
52,1.2533437013626099,acc_mean,1.2533437013626099
53,-0.922939121723175,acc_mean,0.922939121723175
54,-1.2999740839004517,acc_mean,1.2999740839004517
55,-0.7389285564422607,acc_mean,0.7389285564422607
56,1.2397716045379639,acc_mean,1.2397716045379639
57,1.0084363222122192,acc_mean,1.0084363222122192
58,-0.7514682412147522,acc_mean,0.7514682412147522
59,1.2126646041870117,acc_mean,1.2126646041870117
60,-0.4226846396923065,acc_mean,0.4226846396923065
61,-0.6930843591690063,acc_mean,0.6930843591690063
62,0.3655257523059845,acc_mean,0.3655257523059845
63,-1.1468547582626343,acc_mean,1.1468547582626343
64,-0.7701318264007568,acc_std,0.7701318264007568
65,-1.3192462921142578,acc_std,1.3192462921142578
66,-0.3612636625766754,acc_std,0.3612636625766754
67,0.3971962034702301,acc_std,0.3971962034702301
68,-1.1110806465148926,acc_std,1.1110806465148926
69,-1.2134045362472534,acc_std,1.2134045362472534
70,-1.1857274770736694,acc_std,1.1857274770736694
71,-1.3787684440612793,acc_std,1.3787684440612793
72,0.4186760187149048,acc_std,0.4186760187149048
73,0.2539595663547516,acc_std,0.2539595663547516
74,1.06230890750885,acc_std,1.06230890750885
75,-1.3595134019851685,acc_std,1.3595134019851685
76,0.23172283172607422,acc_std,0.23172283172607422
77,-0.4381648004055023,acc_std,0.4381648004055023
78,-0.27420100569725037,acc_std,0.27420100569725037
79,0.25149691104888916,acc_std,0.25149691104888916
80,-0.5016204714775085,acc_std,0.5016204714775085
81,-0.7664516568183899,acc_std,0.7664516568183899
82,-1.0166068077087402,acc_std,1.0166068077087402
83,0.27215635776519775,acc_std,0.27215635776519775
84,-0.7972503304481506,acc_std,0.7972503304481506
85,-1.3339577913284302,acc_std,1.3339577913284302
86,0.22850170731544495,acc_std,0.22850170731544495
87,0.550786554813385,acc_std,0.550786554813385
88,-0.723106324672699,acc_std,0.723106324672699
89,-0.017709316685795784,acc_std,0.017709316685795784
90,-0.9022849202156067,acc_std,0.9022849202156067
91,0.7740367650985718,acc_std,0.7740367650985718
92,-0.9077458381652832,acc_std,0.9077458381652832
93,0.20197920501232147,acc_std,0.20197920501232147
94,-0.7290653586387634,acc_std,0.7290653586387634
95,-1.1788498163223267,acc_std,1.1788498163223267
96,-0.5110410451889038,acc_std,0.5110410451889038
97,0.14586947858333588,acc_std,0.14586947858333588
98,-1.206178903579712,acc_std,1.206178903579712
99,0.6550694108009338,acc_std,0.6550694108009338
100,-1.3907675743103027,acc_std,1.3907675743103027
101,0.47115904092788696,acc_std,0.47115904092788696
102,1.148180603981018,acc_std,1.148180603981018
103,-0.6508944034576416,acc_std,0.6508944034576416
104,0.353442519903183,acc_std,0.353442519903183
105,0.5841408967971802,acc_std,0.5841408967971802
106,0.4913046061992645,acc_std,0.4913046061992645
107,0.37910696864128113,acc_std,0.37910696864128113
108,-0.8683304786682129,acc_std,0.8683304786682129
109,-1.220108985900879,acc_std,1.220108985900879
110,-1.3021217584609985,acc_std,1.3021217584609985
111,-1.372190237045288,acc_std,1.372190237045288
112,-0.5361123085021973,acc_std,0.5361123085021973
113,0.9247963428497314,acc_std,0.9247963428497314
114,0.6035737991333008,acc_std,0.6035737991333008
115,-1.1879236698150635,acc_std,1.1879236698150635
116,-1.235032558441162,acc_std,1.235032558441162
117,-0.83210289478302,acc_std,0.83210289478302
118,-0.9525340795516968,acc_std,0.9525340795516968
119,-0.3856108486652374,acc_std,0.3856108486652374
120,0.9836475849151611,acc_std,0.9836475849151611
121,-0.34304043650627136,acc_std,0.34304043650627136
122,-0.7173020839691162,acc_std,0.7173020839691162
123,-1.1519830226898193,acc_std,1.1519830226898193
124,-0.24819022417068481,acc_std,0.24819022417068481
125,0.23104560375213623,acc_std,0.23104560375213623
126,0.4659262001514435,acc_std,0.4659262001514435
127,-1.0666943788528442,acc_std,1.0666943788528442
128,-0.2500532865524292,gravity,0.2500532865524292
129,-0.2500532865524292,gravity,0.2500532865524292
130,-0.25600019097328186,gravity,0.25600019097328186
131,-0.26339271664619446,gravity,0.26339271664619446
132,-0.27107447385787964,gravity,0.27107447385787964
133,-0.2789754569530487,gravity,0.2789754569530487
134,-0.287104994058609,gravity,0.287104994058609
135,-0.2955567240715027,gravity,0.2955567240715027
136,-0.3043093979358673,gravity,0.3043093979358673
137,-0.31323105096817017,gravity,0.31323105096817017
138,-0.32250621914863586,gravity,0.32250621914863586
139,-0.3321455121040344,gravity,0.3321455121040344
140,-0.3419402837753296,gravity,0.3419402837753296
141,-0.35206839442253113,gravity,0.35206839442253113
142,-0.36257997155189514,gravity,0.36257997155189514
143,-0.37332260608673096,gravity,0.37332260608673096
144,-0.3842924237251282,gravity,0.3842924237251282
145,-0.39564621448516846,gravity,0.39564621448516846
146,-0.407318115234375,gravity,0.407318115234375
147,-0.4190477728843689,gravity,0.4190477728843689
148,-0.4311298131942749,gravity,0.4311298131942749
149,-0.44354331493377686,gravity,0.44354331493377686
150,-0.45591023564338684,gravity,0.45591023564338684
151,-0.4684770405292511,gravity,0.4684770405292511
152,-0.48127320408821106,gravity,0.48127320408821106
153,-0.49401557445526123,gravity,0.49401557445526123
154,-0.5066494345664978,gravity,0.5066494345664978
155,-0.5193352103233337,gravity,0.5193352103233337
156,-0.5319074988365173,gravity,0.5319074988365173
157,-0.543979823589325,gravity,0.543979823589325
158,-0.5558494329452515,gravity,0.5558494329452515
159,-0.5673937201499939,gravity,0.5673937201499939
160,-0.5781512260437012,gravity,0.5781512260437012
161,-0.5883166193962097,gravity,0.5883166193962097
162,-0.5978235006332397,gravity,0.5978235006332397
163,-0.6063774228096008,gravity,0.6063774228096008
164,-0.6139111518859863,gravity,0.6139111518859863
165,-0.6204710602760315,gravity,0.6204710602760315
166,-0.6259040236473083,gravity,0.6259040236473083
167,-0.630059003829956,gravity,0.630059003829956
168,-0.6330242156982422,gravity,0.6330242156982422
169,-0.6347215175628662,gravity,0.6347215175628662
170,-0.6351504921913147,gravity,0.6351504921913147
171,-0.6343355774879456,gravity,0.6343355774879456
172,-0.6322579383850098,gravity,0.6322579383850098
173,-0.6290339827537537,gravity,0.6290339827537537
174,-0.6247572302818298,gravity,0.6247572302818298
175,-0.6193742752075195,gravity,0.6193742752075195
176,-0.6129910945892334,gravity,0.6129910945892334
177,-0.6059415340423584,gravity,0.6059415340423584
178,-0.5980226993560791,gravity,0.5980226993560791
179,-0.5893049240112305,gravity,0.5893049240112305
180,-0.5802404284477234,gravity,0.5802404284477234
181,-0.5706261992454529,gravity,0.5706261992454529
182,-0.5604663491249084,gravity,0.5604663491249084
183,-0.5500679016113281,gravity,0.5500679016113281
184,-0.5395031571388245,gravity,0.5395031571388245
185,-0.5285916924476624,gravity,0.5285916924476624
186,-0.5174789428710938,gravity,0.5174789428710938
187,-0.5065163969993591,gravity,0.5065163969993591
188,-0.4953608512878418,gravity,0.4953608512878418
189,-0.4840569496154785,gravity,0.4840569496154785
190,-0.47300204634666443,gravity,0.47300204634666443
191,-0.4619213938713074,gravity,0.4619213938713074
192,-0.45078080892562866,gravity,0.45078080892562866
193,-0.43980100750923157,gravity,0.43980100750923157
194,-0.4289821684360504,gravity,0.4289821684360504
195,-0.4181496500968933,gravity,0.4181496500968933
196,-0.40738728642463684,gravity,0.40738728642463684
197,-0.3969111442565918,gravity,0.3969111442565918
198,-0.38644927740097046,gravity,0.38644927740097046
199,-0.3760199248790741,gravity,0.3760199248790741
200,-0.3658587634563446,gravity,0.3658587634563446
201,-0.355768620967865,gravity,0.355768620967865
202,-0.3457164764404297,gravity,0.3457164764404297
203,-0.33582624793052673,gravity,0.33582624793052673
204,-0.32607895135879517,gravity,0.32607895135879517
205,-0.3163677453994751,gravity,0.3163677453994751
206,-0.3067339360713959,gravity,0.3067339360713959
207,-0.2972809672355652,gravity,0.2972809672355652
208,-0.28785958886146545,gravity,0.28785958886146545
209,-0.27847644686698914,gravity,0.27847644686698914
210,-0.2692420184612274,gravity,0.2692420184612274
211,-0.26005133986473083,gravity,0.26005133986473083
212,-0.2508889436721802,gravity,0.2508889436721802
213,-0.2418070137500763,gravity,0.2418070137500763
214,-0.23278890550136566,gravity,0.23278890550136566
215,-0.22378891706466675,gravity,0.22378891706466675
216,-0.21482262015342712,gravity,0.21482262015342712
217,-0.2059229463338852,gravity,0.2059229463338852
218,-0.19702713191509247,gravity,0.19702713191509247
219,-0.18814516067504883,gravity,0.18814516067504883
220,-0.1793036311864853,gravity,0.1793036311864853
221,-0.17046289145946503,gravity,0.17046289145946503
222,-0.16162236034870148,gravity,0.16162236034870148
223,-0.1527940183877945,gravity,0.1527940183877945
224,-0.14396017789840698,gravity,0.14396017789840698
225,-0.13511595129966736,gravity,0.13511595129966736
226,-0.12626634538173676,gravity,0.12626634538173676
227,-0.11739840358495712,gravity,0.11739840358495712
228,-0.1085086464881897,gravity,0.1085086464881897
229,-0.09960264712572098,gravity,0.09960264712572098
230,-0.09066621959209442,gravity,0.09066621959209442
231,-0.08169443905353546,gravity,0.08169443905353546
232,-0.0726969987154007,gravity,0.0726969987154007
233,-0.06366366893053055,gravity,0.06366366893053055
234,-0.05458001047372818,gravity,0.05458001047372818
235,-0.045459117740392685,gravity,0.045459117740392685
236,-0.0363042876124382,gravity,0.0363042876124382
237,-0.027082644402980804,gravity,0.027082644402980804
238,-0.017815329134464264,gravity,0.017815329134464264
239,-0.008507966063916683,gravity,0.008507966063916683
240,0.0008668830851092935,gravity,0.0008668830851092935
241,0.010301194153726101,gravity,0.010301194153726101
242,0.01978425867855549,gravity,0.01978425867855549
243,0.029326818883419037,gravity,0.029326818883419037
244,0.03894222527742386,gravity,0.03894222527742386
245,0.04861404374241829,gravity,0.04861404374241829
246,0.05834050476551056,gravity,0.05834050476551056
247,0.06814709305763245,gravity,0.06814709305763245
248,0.07801616191864014,gravity,0.07801616191864014
249,0.08794181793928146,gravity,0.08794181793928146
250,0.09794018417596817,gravity,0.09794018417596817
251,0.10800981521606445,gravity,0.10800981521606445
252,0.11814064532518387,gravity,0.11814064532518387
253,0.12833315134048462,gravity,0.12833315134048462
254,0.13859915733337402,gravity,0.13859915733337402
255,0.14893001317977905,gravity,0.14893001317977905
256,0.1593179702758789,gravity,0.1593179702758789
257,0.16977158188819885,gravity,0.16977158188819885
258,0.1802920401096344,gravity,0.1802920401096344
259,0.19086942076683044,gravity,0.19086942076683044
260,0.20149633288383484,gravity,0.20149633288383484
261,0.2121880203485489,gravity,0.2121880203485489
262,0.2229359745979309,gravity,0.2229359745979309
263,0.23372283577919006,gravity,0.23372283577919006
264,0.24455992877483368,gravity,0.24455992877483368
265,0.2554497718811035,gravity,0.2554497718811035
266,0.2663765251636505,gravity,0.2663765251636505
267,0.2773265838623047,gravity,0.2773265838623047
268,0.28832292556762695,gravity,0.28832292556762695
269,0.29935333132743835,gravity,0.29935333132743835
270,0.3103804886341095,gravity,0.3103804886341095
271,0.32143837213516235,gravity,0.32143837213516235
272,0.3325195014476776,gravity,0.3325195014476776
273,0.3435889780521393,gravity,0.3435889780521393
274,0.35465389490127563,gravity,0.35465389490127563
275,0.36572861671447754,gravity,0.36572861671447754
276,0.376787006855011,gravity,0.376787006855011
277,0.3877962529659271,gravity,0.3877962529659271
278,0.3987961411476135,gravity,0.3987961411476135
279,0.4097708463668823,gravity,0.4097708463668823
280,0.42065975069999695,gravity,0.42065975069999695
281,0.4315089285373688,gravity,0.4315089285373688
282,0.4423080086708069,gravity,0.4423080086708069
283,0.4530114233493805,gravity,0.4530114233493805
284,0.4636209309101105,gravity,0.4636209309101105
285,0.47415509819984436,gravity,0.47415509819984436
286,0.4845827519893646,gravity,0.4845827519893646
287,0.494857519865036,gravity,0.494857519865036
288,0.5050268769264221,gravity,0.5050268769264221
289,0.5150688290596008,gravity,0.5150688290596008
290,0.5249175429344177,gravity,0.5249175429344177
291,0.5346159934997559,gravity,0.5346159934997559
292,0.54415363073349,gravity,0.54415363073349
293,0.553479790687561,gravity,0.553479790687561
294,0.5625970959663391,gravity,0.5625970959663391
295,0.5715184807777405,gravity,0.5715184807777405
296,0.5802125334739685,gravity,0.5802125334739685
297,0.5886370539665222,gravity,0.5886370539665222
298,0.5968315005302429,gravity,0.5968315005302429
299,0.6047734022140503,gravity,0.6047734022140503
300,0.6124079823493958,gravity,0.6124079823493958
301,0.6197691559791565,gravity,0.6197691559791565
302,0.6268466114997864,gravity,0.6268466114997864
303,0.6335989832878113,gravity,0.6335989832878113
304,0.6400314569473267,gravity,0.6400314569473267
305,0.6461511850357056,gravity,0.6461511850357056
306,0.6519346237182617,gravity,0.6519346237182617
307,0.6573591828346252,gravity,0.6573591828346252
308,0.662446916103363,gravity,0.662446916103363
309,0.6671841740608215,gravity,0.6671841740608215
310,0.6715444326400757,gravity,0.6715444326400757
311,0.6755479574203491,gravity,0.6755479574203491
312,0.6791882514953613,gravity,0.6791882514953613
313,0.6824508309364319,gravity,0.6824508309364319
314,0.6853426694869995,gravity,0.6853426694869995
315,0.6878665089607239,gravity,0.6878665089607239
316,0.6900161504745483,gravity,0.6900161504745483
317,0.6917973160743713,gravity,0.6917973160743713
318,0.6932134032249451,gravity,0.6932134032249451
319,0.6942602396011353,gravity,0.6942602396011353
320,0.6949574947357178,gravity,0.6949574947357178
321,0.6953011751174927,gravity,0.6953011751174927
322,0.6952919960021973,gravity,0.6952919960021973
323,0.6949477791786194,gravity,0.6949477791786194
324,0.6942804455757141,gravity,0.6942804455757141
325,0.6932827234268188,gravity,0.6932827234268188
326,0.6919630765914917,gravity,0.6919630765914917
327,0.6903687715530396,gravity,0.6903687715530396
328,0.6884677410125732,gravity,0.6884677410125732
329,0.68626868724823,gravity,0.68626868724823
330,0.6838335394859314,gravity,0.6838335394859314
331,0.6811348795890808,gravity,0.6811348795890808
332,0.6781676411628723,gravity,0.6781676411628723
333,0.6749842166900635,gravity,0.6749842166900635
334,0.6715981960296631,gravity,0.6715981960296631
335,0.6679772734642029,gravity,0.6679772734642029
336,0.6641469597816467,gravity,0.6641469597816467
337,0.6601942181587219,gravity,0.6601942181587219
338,0.6560351848602295,gravity,0.6560351848602295
339,0.651683509349823,gravity,0.651683509349823
340,0.6472554206848145,gravity,0.6472554206848145
341,0.6426784992218018,gravity,0.6426784992218018
342,0.6379356384277344,gravity,0.6379356384277344
343,0.6331155300140381,gravity,0.6331155300140381
344,0.6282264590263367,gravity,0.6282264590263367
345,0.6232025623321533,gravity,0.6232025623321533
346,0.6180799603462219,gravity,0.6180799603462219
347,0.6129847168922424,gravity,0.6129847168922424
348,0.6077787280082703,gravity,0.6077787280082703
349,0.6024704575538635,gravity,0.6024704575538635
350,0.5972279906272888,gravity,0.5972279906272888
351,0.5919296741485596,gravity,0.5919296741485596
352,0.5865506529808044,gravity,0.5865506529808044
353,0.5812035799026489,gravity,0.5812035799026489
354,0.575894296169281,gravity,0.575894296169281
355,0.570519745349884,gravity,0.570519745349884
356,0.5651254057884216,gravity,0.5651254057884216
357,0.5598740577697754,gravity,0.5598740577697754
358,0.5545721650123596,gravity,0.5545721650123596
359,0.5492256879806519,gravity,0.5492256879806519
360,0.5440489053726196,gravity,0.5440489053726196
361,0.5388749241828918,gravity,0.5388749241828918
362,0.5336668491363525,gravity,0.5336668491363525
363,0.5285614728927612,gravity,0.5285614728927612
364,0.5235638618469238,gravity,0.5235638618469238
365,0.5185384750366211,gravity,0.5185384750366211
366,0.513538658618927,gravity,0.513538658618927
367,0.5087498426437378,gravity,0.5087498426437378
368,0.503943145275116,gravity,0.503943145275116
369,0.4991227686405182,gravity,0.4991227686405182
370,0.49452683329582214,gravity,0.49452683329582214
371,0.4899659752845764,gravity,0.4899659752845764
372,0.4853948652744293,gravity,0.4853948652744293
373,0.48096132278442383,gravity,0.48096132278442383
374,0.47666865587234497,gravity,0.47666865587234497
375,0.4723665118217468,gravity,0.4723665118217468
376,0.46810904145240784,gravity,0.46810904145240784
377,0.4640966057777405,gravity,0.4640966057777405
378,0.4600776135921478,gravity,0.4600776135921478
379,0.45605552196502686,gravity,0.45605552196502686
380,0.4522819519042969,gravity,0.4522819519042969
381,0.4485541582107544,gravity,0.4485541582107544
382,0.4448240101337433,gravity,0.4448240101337433
383,0.4412429928779602,gravity,0.4412429928779602
384,0.4378105401992798,gravity,0.4378105401992798
385,0.43437644839286804,gravity,0.43437644839286804
386,0.43099066615104675,gravity,0.43099066615104675
387,0.4278506934642792,gravity,0.4278506934642792
388,0.42471182346343994,gravity,0.42471182346343994
389,0.42157265543937683,gravity,0.42157265543937683
390,0.41867387294769287,gravity,0.41867387294769287
391,0.4158230125904083,gravity,0.4158230125904083
392,0.41297346353530884,gravity,0.41297346353530884
393,0.4102650582790375,gravity,0.4102650582790375
394,0.40769699215888977,gravity,0.40769699215888977
395,0.4051278531551361,gravity,0.4051278531551361
396,0.4026060700416565,gravity,0.4026060700416565
397,0.4003106355667114,gravity,0.4003106355667114
398,0.39801540970802307,gravity,0.39801540970802307
399,0.39571961760520935,gravity,0.39571961760520935
400,0.3936406373977661,gravity,0.3936406373977661
401,0.39160487055778503,gravity,0.39160487055778503
402,0.38956865668296814,gravity,0.38956865668296814
403,0.38765567541122437,gravity,0.38765567541122437
404,0.38586631417274475,gravity,0.38586631417274475
405,0.3840760886669159,gravity,0.3840760886669159
406,0.3823241889476776,gravity,0.3823241889476776
407,0.38076406717300415,gravity,0.38076406717300415
408,0.379203736782074,gravity,0.379203736782074
409,0.3776431679725647,gravity,0.3776431679725647
410,0.37626150250434875,gravity,0.37626150250434875
411,0.37491336464881897,gravity,0.37491336464881897
412,0.3735677897930145,gravity,0.3735677897930145
413,0.3723183274269104,gravity,0.3723183274269104
414,0.37116777896881104,gravity,0.37116777896881104
415,0.3700179159641266,gravity,0.3700179159641266
416,0.3688962459564209,gravity,0.3688962459564209
417,0.36792412400245667,gravity,0.36792412400245667
418,0.3669510781764984,gravity,0.3669510781764984
419,0.3659780025482178,gravity,0.3659780025482178
420,0.365138441324234,gravity,0.365138441324234
421,0.3643280565738678,gravity,0.3643280565738678
422,0.36351537704467773,gravity,0.36351537704467773
423,0.36277350783348083,gravity,0.36277350783348083
424,0.3621038496494293,gravity,0.3621038496494293
425,0.3614347279071808,gravity,0.3614347279071808
426,0.3608757257461548,gravity,0.3608757257461548
427,0.3608757257461548,gravity,0.3608757257461548
428,-0.29627758264541626,gravity,0.29627758264541626
429,-0.29627758264541626,gravity,0.29627758264541626
430,-0.2938694953918457,gravity,0.2938694953918457
431,-0.29080548882484436,gravity,0.29080548882484436
432,-0.2875402569770813,gravity,0.2875402569770813
433,-0.28412359952926636,gravity,0.28412359952926636
434,-0.2805470824241638,gravity,0.2805470824241638
435,-0.27673712372779846,gravity,0.27673712372779846
436,-0.27270758152008057,gravity,0.27270758152008057
437,-0.2685641646385193,gravity,0.2685641646385193
438,-0.26415354013442993,gravity,0.26415354013442993
439,-0.2594616115093231,gravity,0.2594616115093231
440,-0.25466203689575195,gravity,0.25466203689575195
441,-0.24960127472877502,gravity,0.24960127472877502
442,-0.2442265897989273,gravity,0.2442265897989273
443,-0.23866678774356842,gravity,0.23866678774356842
444,-0.23292003571987152,gravity,0.23292003571987152
445,-0.2268335074186325,gravity,0.2268335074186325
446,-0.22044983506202698,gravity,0.22044983506202698
447,-0.21400555968284607,gravity,0.21400555968284607
448,-0.20720092952251434,gravity,0.20720092952251434
449,-0.20002642273902893,gravity,0.20002642273902893
450,-0.19283419847488403,gravity,0.19283419847488403
451,-0.18534623086452484,gravity,0.18534623086452484
452,-0.17748577892780304,gravity,0.17748577892780304
453,-0.16950184106826782,gravity,0.16950184106826782
454,-0.16140702366828918,gravity,0.16140702366828918
455,-0.15295451879501343,gravity,0.15295451879501343
456,-0.14424265921115875,gravity,0.14424265921115875
457,-0.13566601276397705,gravity,0.13566601276397705
458,-0.12676352262496948,gravity,0.12676352262496948
459,-0.1175457015633583,gravity,0.1175457015633583
460,-0.10855063796043396,gravity,0.10855063796043396
461,-0.09938158094882965,gravity,0.09938158094882965
462,-0.08995004743337631,gravity,0.08995004743337631
463,-0.08061017841100693,gravity,0.08061017841100693
464,-0.07138405740261078,gravity,0.07138405740261078
465,-0.06195683404803276,gravity,0.06195683404803276
466,-0.05246807262301445,gravity,0.05246807262301445
467,-0.043403301388025284,gravity,0.043403301388025284
468,-0.03419947251677513,gravity,0.03419947251677513
469,-0.024882512167096138,gravity,0.024882512167096138
470,-0.016060849651694298,gravity,0.016060849651694298
471,-0.00727806193754077,gravity,0.00727806193754077
472,0.0015595078002661467,gravity,0.0015595078002661467
473,0.010082202032208443,gravity,0.010082202032208443
474,0.018283464014530182,gravity,0.018283464014530182
475,0.026492513716220856,gravity,0.026492513716220856
476,0.03457527980208397,gravity,0.03457527980208397
477,0.04208013787865639,gravity,0.04208013787865639
478,0.049557365477085114,gravity,0.049557365477085114
479,0.05698836222290993,gravity,0.05698836222290993
480,0.06383369863033295,gravity,0.06383369863033295
481,0.07052090018987656,gravity,0.07052090018987656
482,0.07714089751243591,gravity,0.07714089751243591
483,0.08338551968336105,gravity,0.08338551968336105
484,0.08926386386156082,gravity,0.08926386386156082
485,0.09506256133317947,gravity,0.09506256133317947
486,0.10068082809448242,gravity,0.10068082809448242
487,0.10575835406780243,gravity,0.10575835406780243
488,0.11075279116630554,gravity,0.11075279116630554
489,0.11565490067005157,gravity,0.11565490067005157
490,0.1200464740395546,gravity,0.1200464740395546
491,0.12426969408988953,gravity,0.12426969408988953
492,0.12840242683887482,gravity,0.12840242683887482
493,0.1322123408317566,gravity,0.1322123408317566
494,0.13570816814899445,gravity,0.13570816814899445
495,0.13911762833595276,gravity,0.13911762833595276
496,0.14236591756343842,gravity,0.14236591756343842
497,0.14518269896507263,gravity,0.14518269896507263
498,0.1479164958000183,gravity,0.1479164958000183
499,0.150565043091774,gravity,0.150565043091774
500,0.15281371772289276,gravity,0.15281371772289276
501,0.15492132306098938,gravity,0.15492132306098938
502,0.15694811940193176,gravity,0.15694811940193176
503,0.15872125327587128,gravity,0.15872125327587128
504,0.16024737060070038,gravity,0.16024737060070038
505,0.1616976261138916,gravity,0.1616976261138916
506,0.1630178987979889,gravity,0.1630178987979889
507,0.1640058010816574,gravity,0.1640058010816574
508,0.16492044925689697,gravity,0.16492044925689697
509,0.1657600998878479,gravity,0.1657600998878479
510,0.16629572212696075,gravity,0.16629572212696075
511,0.16671334207057953,gravity,0.16671334207057953
512,0.16705888509750366,gravity,0.16705888509750366
513,0.1672084927558899,gravity,0.1672084927558899
514,0.1671648770570755,gravity,0.1671648770570755
515,0.16704970598220825,gravity,0.16704970598220825
516,0.16682875156402588,gravity,0.16682875156402588
517,0.16635499894618988,gravity,0.16635499894618988
518,0.1658124029636383,gravity,0.1658124029636383
519,0.16520074009895325,gravity,0.16520074009895325
520,0.1643606573343277,gravity,0.1643606573343277
521,0.1634196937084198,gravity,0.1634196937084198
522,0.16241098940372467,gravity,0.16241098940372467
523,0.16125209629535675,gravity,0.16125209629535675
524,0.15994225442409515,gravity,0.15994225442409515
525,0.15856586396694183,gravity,0.15856586396694183
526,0.15710024535655975,gravity,0.15710024535655975
527,0.15545061230659485,gravity,0.15545061230659485
528,0.15373411774635315,gravity,0.15373411774635315
529,0.15195484459400177,gravity,0.15195484459400177
530,0.15001390874385834,gravity,0.15001390874385834
531,0.14798769354820251,gravity,0.14798769354820251
532,0.1458992213010788,gravity,0.1458992213010788
533,0.14370331168174744,gravity,0.14370331168174744
534,0.14139783382415771,gravity,0.14139783382415771
535,0.13903066515922546,gravity,0.13903066515922546
536,0.13659325242042542,gravity,0.13659325242042542
537,0.1340385228395462,gravity,0.1340385228395462
538,0.13142399489879608,gravity,0.13142399489879608
539,0.1287527084350586,gravity,0.1287527084350586
540,0.1259874552488327,gravity,0.1259874552488327
541,0.12315712124109268,gravity,0.12315712124109268
542,0.12027241289615631,gravity,0.12027241289615631
543,0.11732395738363266,gravity,0.11732395738363266
544,0.11431066691875458,gravity,0.11431066691875458
545,0.11124449968338013,gravity,0.11124449968338013
546,0.10813012719154358,gravity,0.10813012719154358
547,0.10496494174003601,gravity,0.10496494174003601
548,0.10175033658742905,gravity,0.10175033658742905
549,0.09849128127098083,gravity,0.09849128127098083
550,0.09520195424556732,gravity,0.09520195424556732
551,0.09187053143978119,gravity,0.09187053143978119
552,0.0884978324174881,gravity,0.0884978324174881
553,0.0851028561592102,gravity,0.0851028561592102
554,0.08168567717075348,gravity,0.08168567717075348
555,0.07822845876216888,gravity,0.07822845876216888
556,0.07474590837955475,gravity,0.07474590837955475
557,0.07127133756875992,gravity,0.07127133756875992
558,0.0677599385380745,gravity,0.0677599385380745
559,0.06421710550785065,gravity,0.06421710550785065
560,0.06070065498352051,gravity,0.06070065498352051
561,0.057162363082170486,gravity,0.057162363082170486
562,0.053595419973134995,gravity,0.053595419973134995
563,0.050042733550071716,gravity,0.050042733550071716
564,0.04650191590189934,gravity,0.04650191590189934
565,0.042933788150548935,gravity,0.042933788150548935
566,0.03935987129807472,gravity,0.03935987129807472
567,0.03583803400397301,gravity,0.03583803400397301
568,0.03229225426912308,gravity,0.03229225426912308
569,0.02872655540704727,gravity,0.02872655540704727
570,0.025225913152098656,gravity,0.025225913152098656
571,0.02172001264989376,gravity,0.02172001264989376
572,0.018197298049926758,gravity,0.018197298049926758
573,0.014713330194354057,gravity,0.014713330194354057
574,0.01126413606107235,gravity,0.01126413606107235
575,0.0078003890812397,gravity,0.0078003890812397
576,0.0043430267833173275,gravity,0.0043430267833173275
577,0.0009637084440328181,gravity,0.0009637084440328181
578,-0.0024279349017888308,gravity,0.0024279349017888308
579,-0.005828903988003731,gravity,0.005828903988003731
580,-0.009145256131887436,gravity,0.009145256131887436
581,-0.012454191222786903,gravity,0.012454191222786903
582,-0.01576974242925644,gravity,0.01576974242925644
583,-0.019033726304769516,gravity,0.019033726304769516
584,-0.02224884368479252,gravity,0.02224884368479252
585,-0.025469619780778885,gravity,0.025469619780778885
586,-0.028673667460680008,gravity,0.028673667460680008
587,-0.031787943094968796,gravity,0.031787943094968796
588,-0.03490598499774933,gravity,0.03490598499774933
589,-0.038022950291633606,gravity,0.038022950291633606
590,-0.04104834794998169,gravity,0.04104834794998169
591,-0.04405628889799118,gravity,0.04405628889799118
592,-0.04706088826060295,gravity,0.04706088826060295
593,-0.05000830441713333,gravity,0.05000830441713333
594,-0.05290057882666588,gravity,0.05290057882666588
595,-0.055787406861782074,gravity,0.055787406861782074
596,-0.0586489737033844,gravity,0.0586489737033844
597,-0.0614195242524147,gravity,0.0614195242524147
598,-0.06418222188949585,gravity,0.06418222188949585
599,-0.06693469732999802,gravity,0.06693469732999802
600,-0.06959369033575058,gravity,0.06959369033575058
601,-0.0722271054983139,gravity,0.0722271054983139
602,-0.07484681904315948,gravity,0.07484681904315948
603,-0.07740441709756851,gravity,0.07740441709756851
604,-0.07990319281816483,gravity,0.07990319281816483
605,-0.08238467574119568,gravity,0.08238467574119568
606,-0.08483228832483292,gravity,0.08483228832483292
607,-0.0871908962726593,gravity,0.0871908962726593
608,-0.08952882885932922,gravity,0.08952882885932922
609,-0.09184399992227554,gravity,0.09184399992227554
610,-0.09407054632902145,gravity,0.09407054632902145
611,-0.09625957906246185,gravity,0.09625957906246185
612,-0.09842289984226227,gravity,0.09842289984226227
613,-0.10052268952131271,gravity,0.10052268952131271
614,-0.102558434009552,gravity,0.102558434009552
615,-0.10456576198339462,gravity,0.10456576198339462
616,-0.10653021186590195,gravity,0.10653021186590195
617,-0.10840828716754913,gravity,0.10840828716754913
618,-0.11025508493185043,gravity,0.11025508493185043
619,-0.11206744611263275,gravity,0.11206744611263275
620,-0.1137942224740982,gravity,0.1137942224740982
621,-0.11547701060771942,gravity,0.11547701060771942
622,-0.11712272465229034,gravity,0.11712272465229034
623,-0.11870381236076355,gravity,0.11870381236076355
624,-0.1202213242650032,gravity,0.1202213242650032
625,-0.12169958651065826,gravity,0.12169958651065826
626,-0.1231301799416542,gravity,0.1231301799416542
627,-0.1244816780090332,gravity,0.1244816780090332
628,-0.1257932335138321,gravity,0.1257932335138321
629,-0.12706349790096283,gravity,0.12706349790096283
630,-0.12825839221477509,gravity,0.12825839221477509
631,-0.12940499186515808,gravity,0.12940499186515808
632,-0.13051055371761322,gravity,0.13051055371761322
633,-0.13155679404735565,gravity,0.13155679404735565
634,-0.13254305720329285,gravity,0.13254305720329285
635,-0.1334894597530365,gravity,0.1334894597530365
636,-0.1343880444765091,gravity,0.1343880444765091
637,-0.13522128760814667,gravity,0.13522128760814667
638,-0.1360151618719101,gravity,0.1360151618719101
639,-0.13676756620407104,gravity,0.13676756620407104
640,-0.1374611109495163,gravity,0.1374611109495163
641,-0.1381101757287979,gravity,0.1381101757287979
642,-0.1387217789888382,gravity,0.1387217789888382
643,-0.139285147190094,gravity,0.139285147190094
644,-0.13980288803577423,gravity,0.13980288803577423
645,-0.1402837634086609,gravity,0.1402837634086609
646,-0.14072665572166443,gravity,0.14072665572166443
647,-0.14112451672554016,gravity,0.14112451672554016
648,-0.1414884626865387,gravity,0.1414884626865387
649,-0.1418175995349884,gravity,0.1418175995349884
650,-0.14210985600948334,gravity,0.14210985600948334
651,-0.14236974716186523,gravity,0.14236974716186523
652,-0.14259855449199677,gravity,0.14259855449199677
653,-0.14279668033123016,gravity,0.14279668033123016
654,-0.14296630024909973,gravity,0.14296630024909973
655,-0.14310814440250397,gravity,0.14310814440250397
656,-0.14322294294834137,gravity,0.14322294294834137
657,-0.14331603050231934,gravity,0.14331603050231934
658,-0.14338473975658417,gravity,0.14338473975658417
659,-0.143428236246109,gravity,0.143428236246109
660,-0.14345672726631165,gravity,0.14345672726631165
661,-0.14346466958522797,gravity,0.14346466958522797
662,-0.14345130324363708,gravity,0.14345130324363708
663,-0.14342409372329712,gravity,0.14342409372329712
664,-0.14338435232639313,gravity,0.14338435232639313
665,-0.14332592487335205,gravity,0.14332592487335205
666,-0.14325246214866638,gravity,0.14325246214866638
667,-0.14317578077316284,gravity,0.14317578077316284
668,-0.14308318495750427,gravity,0.14308318495750427
669,-0.1429753303527832,gravity,0.1429753303527832
670,-0.14286980032920837,gravity,0.14286980032920837
671,-0.14275290071964264,gravity,0.14275290071964264
672,-0.1426231414079666,gravity,0.1426231414079666
673,-0.14249174296855927,gravity,0.14249174296855927
674,-0.14235970377922058,gravity,0.14235970377922058
675,-0.142216295003891,gravity,0.142216295003891
676,-0.1420661360025406,gravity,0.1420661360025406
677,-0.14192579686641693,gravity,0.14192579686641693
678,-0.141776442527771,gravity,0.141776442527771
679,-0.14161807298660278,gravity,0.14161807298660278
680,-0.14147065579891205,gravity,0.14147065579891205
681,-0.14132118225097656,gravity,0.14132118225097656
682,-0.14116328954696655,gravity,0.14116328954696655
683,-0.14101055264472961,gravity,0.14101055264472961
684,-0.14086411893367767,gravity,0.14086411893367767
685,-0.14071118831634521,gravity,0.14071118831634521
686,-0.1405572146177292,gravity,0.1405572146177292
687,-0.14041867852210999,gravity,0.14041867852210999
688,-0.14027465879917145,gravity,0.14027465879917145
689,-0.1401263028383255,gravity,0.1401263028383255
690,-0.1399928629398346,gravity,0.1399928629398346
691,-0.13985991477966309,gravity,0.13985991477966309
692,-0.13972334563732147,gravity,0.13972334563732147
693,-0.13959431648254395,gravity,0.13959431648254395
694,-0.13947397470474243,gravity,0.13947397470474243
695,-0.13934999704360962,gravity,0.13934999704360962
696,-0.13922706246376038,gravity,0.13922706246376038
697,-0.13912028074264526,gravity,0.13912028074264526
698,-0.13901036977767944,gravity,0.13901036977767944
699,-0.1388983577489853,gravity,0.1388983577489853
700,-0.13880182802677155,gravity,0.13880182802677155
701,-0.13870571553707123,gravity,0.13870571553707123
702,-0.13860812783241272,gravity,0.13860812783241272
703,-0.13851861655712128,gravity,0.13851861655712128
704,-0.13843688368797302,gravity,0.13843688368797302
705,-0.1383533924818039,gravity,0.1383533924818039
706,-0.13827167451381683,gravity,0.13827167451381683
707,-0.13820266723632812,gravity,0.13820266723632812
708,-0.13813285529613495,gravity,0.13813285529613495
709,-0.1380617469549179,gravity,0.1380617469549179
710,-0.13800233602523804,gravity,0.13800233602523804
711,-0.13794447481632233,gravity,0.13794447481632233
712,-0.13788552582263947,gravity,0.13788552582263947
713,-0.13783268630504608,gravity,0.13783268630504608
714,-0.13778625428676605,gravity,0.13778625428676605
715,-0.13773907721042633,gravity,0.13773907721042633
716,-0.13769254088401794,gravity,0.13769254088401794
717,-0.13765586912631989,gravity,0.13765586912631989
718,-0.13761818408966064,gravity,0.13761818408966064
719,-0.13758009672164917,gravity,0.13758009672164917
720,-0.13754963874816895,gravity,0.13754963874816895
721,-0.13752052187919617,gravity,0.13752052187919617
722,-0.1374913603067398,gravity,0.1374913603067398
723,-0.13746525347232819,gravity,0.13746525347232819
724,-0.13744333386421204,gravity,0.13744333386421204
725,-0.1374213993549347,gravity,0.1374213993549347
726,-0.13740241527557373,gravity,0.13740241527557373
727,-0.13740241527557373,gravity,0.13740241527557373
728,0.3602020740509033,gravity,0.3602020740509033
729,0.3602020740509033,gravity,0.3602020740509033
730,0.3576066493988037,gravity,0.3576066493988037
731,0.3542982041835785,gravity,0.3542982041835785
732,0.35076627135276794,gravity,0.35076627135276794
733,0.34696975350379944,gravity,0.34696975350379944
734,0.34289783239364624,gravity,0.34289783239364624
735,0.3385620713233948,gravity,0.3385620713233948
736,0.33394309878349304,gravity,0.33394309878349304
737,0.32901179790496826,gravity,0.32901179790496826
738,0.32377609610557556,gravity,0.32377609610557556
739,0.3182196319103241,gravity,0.3182196319103241
740,0.31233805418014526,gravity,0.31233805418014526
741,0.30611440539360046,gravity,0.30611440539360046
742,0.2995296120643616,gravity,0.2995296120643616
743,0.2925998270511627,gravity,0.2925998270511627
744,0.2853170335292816,gravity,0.2853170335292816
745,0.27763959765434265,gravity,0.27763959765434265
746,0.26957428455352783,gravity,0.26957428455352783
747,0.2611885070800781,gravity,0.2611885070800781
748,0.2523849904537201,gravity,0.2523849904537201
749,0.2431560903787613,gravity,0.2431560903787613
750,0.23363715410232544,gravity,0.23363715410232544
751,0.2237185686826706,gravity,0.2237185686826706
752,0.21336986124515533,gravity,0.21336986124515533
753,0.20270520448684692,gravity,0.20270520448684692
754,0.19173456728458405,gravity,0.19173456728458405
755,0.18034742772579193,gravity,0.18034742772579193
756,0.16859965026378632,gravity,0.16859965026378632
757,0.1566971093416214,gravity,0.1566971093416214
758,0.14441268146038055,gravity,0.14441268146038055
759,0.13176099956035614,gravity,0.13176099956035614
760,0.11904434114694595,gravity,0.11904434114694595
761,0.1060531958937645,gravity,0.1060531958937645
762,0.09275467693805695,gravity,0.09275467693805695
763,0.07936329394578934,gravity,0.07936329394578934
764,0.06589733064174652,gravity,0.06589733064174652
765,0.05219368636608124,gravity,0.05219368636608124
766,0.038351379334926605,gravity,0.038351379334926605
767,0.02466130256652832,gravity,0.02466130256652832
768,0.010808173567056656,gravity,0.010808173567056656
769,-0.003172640921548009,gravity,0.003172640921548009
770,-0.016908615827560425,gravity,0.016908615827560425
771,-0.030663004145026207,gravity,0.030663004145026207
772,-0.04447225481271744,gravity,0.04447225481271744
773,-0.05809863284230232,gravity,0.05809863284230232
774,-0.07153578847646713,gravity,0.07153578847646713
775,-0.08496233075857162,gravity,0.08496233075857162
776,-0.09827900677919388,gravity,0.09827900677919388
777,-0.11121634393930435,gravity,0.11121634393930435
778,-0.12408890575170517,gravity,0.12408890575170517
779,-0.1368677020072937,gravity,0.1368677020072937
780,-0.1492285281419754,gravity,0.1492285281419754
781,-0.16142205893993378,gravity,0.16142205893993378
782,-0.17348447442054749,gravity,0.17348447442054749
783,-0.1852240264415741,gravity,0.1852240264415741
784,-0.1966525763273239,gravity,0.1966525763273239
785,-0.2079230546951294,gravity,0.2079230546951294
786,-0.2189640998840332,gravity,0.2189640998840332
787,-0.22957643866539001,gravity,0.22957643866539001
788,-0.24001450836658478,gravity,0.24001450836658478
789,-0.25025951862335205,gravity,0.25025951862335205
790,-0.2600775957107544,gravity,0.2600775957107544
791,-0.26966485381126404,gravity,0.26966485381126404
792,-0.27905192971229553,gravity,0.27905192971229553
793,-0.2881065905094147,gravity,0.2881065905094147
794,-0.29683977365493774,gravity,0.29683977365493774
795,-0.30537131428718567,gravity,0.30537131428718567
796,-0.3136543035507202,gravity,0.3136543035507202
797,-0.3215426206588745,gravity,0.3215426206588745
798,-0.3292292058467865,gravity,0.3292292058467865
799,-0.3367072343826294,gravity,0.3367072343826294
800,-0.34379667043685913,gravity,0.34379667043685913
801,-0.35065197944641113,gravity,0.35065197944641113
802,-0.3573020398616791,gravity,0.3573020398616791
803,-0.36363908648490906,gravity,0.36363908648490906
804,-0.36967694759368896,gravity,0.36967694759368896
805,-0.3755117952823639,gravity,0.3755117952823639
806,-0.3811068832874298,gravity,0.3811068832874298
807,-0.3863404095172882,gravity,0.3863404095172882
808,-0.39137423038482666,gravity,0.39137423038482666
809,-0.39620527625083923,gravity,0.39620527625083923
810,-0.40067753195762634,gravity,0.40067753195762634
811,-0.4049234092235565,gravity,0.4049234092235565
812,-0.4089685082435608,gravity,0.4089685082435608
813,-0.4127197861671448,gravity,0.4127197861671448
814,-0.4161849021911621,gravity,0.4161849021911621
815,-0.4194543659687042,gravity,0.4194543659687042
816,-0.42249444127082825,gravity,0.42249444127082825
817,-0.4251880347728729,gravity,0.4251880347728729
818,-0.4276912808418274,gravity,0.4276912808418274
819,-0.42999908328056335,gravity,0.42999908328056335
820,-0.43196240067481995,gravity,0.43196240067481995
821,-0.4337065517902374,gravity,0.4337065517902374
822,-0.43526068329811096,gravity,0.43526068329811096
823,-0.43653497099876404,gravity,0.43653497099876404
824,-0.43753185868263245,gravity,0.43753185868263245
825,-0.4383432865142822,gravity,0.4383432865142822
826,-0.4389386773109436,gravity,0.4389386773109436
827,-0.43920353055000305,gravity,0.43920353055000305
828,-0.43928611278533936,gravity,0.43928611278533936
829,-0.43918609619140625,gravity,0.43918609619140625
830,-0.43876326084136963,gravity,0.43876326084136963
831,-0.4381345212459564,gravity,0.4381345212459564
832,-0.437328964471817,gravity,0.437328964471817
833,-0.43626588582992554,gravity,0.43626588582992554
834,-0.43494686484336853,gravity,0.43494686484336853
835,-0.43345633149147034,gravity,0.43345633149147034
836,-0.43177133798599243,gravity,0.43177133798599243
837,-0.4297882318496704,gravity,0.4297882318496704
838,-0.42763930559158325,gravity,0.42763930559158325
839,-0.4253287613391876,gravity,0.4253287613391876
840,-0.4227360188961029,gravity,0.4227360188961029
841,-0.4199579954147339,gravity,0.4199579954147339
842,-0.417025625705719,gravity,0.417025625705719
843,-0.4138731062412262,gravity,0.4138731062412262
844,-0.4105009436607361,gravity,0.4105009436607361
845,-0.4069802165031433,gravity,0.4069802165031433
846,-0.4032927453517914,gravity,0.4032927453517914
847,-0.3993622660636902,gravity,0.3993622660636902
848,-0.3952885866165161,gravity,0.3952885866165161
849,-0.39107629656791687,gravity,0.39107629656791687
850,-0.386641263961792,gravity,0.386641263961792
851,-0.3820532262325287,gravity,0.3820532262325287
852,-0.37733185291290283,gravity,0.37733185291290283
853,-0.3724405765533447,gravity,0.3724405765533447
854,-0.3673762381076813,gravity,0.3673762381076813
855,-0.3621850609779358,gravity,0.3621850609779358
856,-0.3568628430366516,gravity,0.3568628430366516
857,-0.35136091709136963,gravity,0.35136091709136963
858,-0.34573808312416077,gravity,0.34573808312416077
859,-0.3399999141693115,gravity,0.3399999141693115
860,-0.3341071307659149,gravity,0.3341071307659149
861,-0.3280887007713318,gravity,0.3280887007713318
862,-0.3219611644744873,gravity,0.3219611644744873
863,-0.3157106637954712,gravity,0.3157106637954712
864,-0.30933257937431335,gravity,0.30933257937431335
865,-0.30284929275512695,gravity,0.30284929275512695
866,-0.29626330733299255,gravity,0.29626330733299255
867,-0.2895587384700775,gravity,0.2895587384700775
868,-0.28275266289711,gravity,0.28275266289711
869,-0.2758495509624481,gravity,0.2758495509624481
870,-0.26885032653808594,gravity,0.26885032653808594
871,-0.261750191450119,gravity,0.261750191450119
872,-0.2545574903488159,gravity,0.2545574903488159
873,-0.2472822517156601,gravity,0.2472822517156601
874,-0.23991906642913818,gravity,0.23991906642913818
875,-0.23246297240257263,gravity,0.23246297240257263
876,-0.22492678463459015,gravity,0.22492678463459015
877,-0.21732331812381744,gravity,0.21732331812381744
878,-0.20963077247142792,gravity,0.20963077247142792
879,-0.20185470581054688,gravity,0.20185470581054688
880,-0.1940302550792694,gravity,0.1940302550792694
881,-0.18612387776374817,gravity,0.18612387776374817
882,-0.17813582718372345,gravity,0.17813582718372345
883,-0.17009730637073517,gravity,0.17009730637073517
884,-0.16200102865695953,gravity,0.16200102865695953
885,-0.1538233608007431,gravity,0.1538233608007431
886,-0.14558342099189758,gravity,0.14558342099189758
887,-0.1373181939125061,gravity,0.1373181939125061
888,-0.12897416949272156,gravity,0.12897416949272156
889,-0.12055820971727371,gravity,0.12055820971727371
890,-0.11213424056768417,gravity,0.11213424056768417
891,-0.10364627838134766,gravity,0.10364627838134766
892,-0.09508860856294632,gravity,0.09508860856294632
893,-0.08650927990674973,gravity,0.08650927990674973
894,-0.07790158689022064,gravity,0.07790158689022064
895,-0.06922680884599686,gravity,0.06922680884599686
896,-0.060508958995342255,gravity,0.060508958995342255
897,-0.05180763453245163,gravity,0.05180763453245163
898,-0.04304330796003342,gravity,0.04304330796003342
899,-0.034223880618810654,gravity,0.034223880618810654
900,-0.025439219549298286,gravity,0.025439219549298286
901,-0.01661577634513378,gravity,0.01661577634513378
902,-0.007742408663034439,gravity,0.007742408663034439
903,0.0011168101336807013,gravity,0.0011168101336807013
904,0.0099659888073802,gravity,0.0099659888073802
905,0.018858622759580612,gravity,0.018858622759580612
906,0.0277651846408844,gravity,0.0277651846408844
907,0.03660190477967262,gravity,0.03660190477967262
908,0.04547453671693802,gravity,0.04547453671693802
909,0.05437276139855385,gravity,0.05437276139855385
910,0.06317932158708572,gravity,0.06317932158708572
911,0.07198780030012131,gravity,0.07198780030012131
912,0.08081286400556564,gravity,0.08081286400556564
913,0.0895724669098854,gravity,0.0895724669098854
914,0.09827017039060593,gravity,0.09827017039060593
915,0.10697299987077713,gravity,0.10697299987077713
916,0.11564566195011139,gravity,0.11564566195011139
917,0.1241813376545906,gravity,0.1241813376545906
918,0.13271035254001617,gravity,0.13271035254001617
919,0.14122439920902252,gravity,0.14122439920902252
920,0.14957496523857117,gravity,0.14957496523857117
921,0.1578775942325592,gravity,0.1578775942325592
922,0.16615301370620728,gravity,0.16615301370620728
923,0.1743013560771942,gravity,0.1743013560771942
924,0.18232396245002747,gravity,0.18232396245002747
925,0.19030678272247314,gravity,0.19030678272247314
926,0.19820904731750488,gravity,0.19820904731750488
927,0.20590099692344666,gravity,0.20590099692344666
928,0.21354132890701294,gravity,0.21354132890701294
929,0.2211221307516098,gravity,0.2211221307516098
930,0.22846941649913788,gravity,0.22846941649913788
931,0.23571966588497162,gravity,0.23571966588497162
932,0.24290192127227783,gravity,0.24290192127227783
933,0.24990172684192657,gravity,0.24990172684192657
934,0.2567233145236969,gravity,0.2567233145236969
935,0.263467013835907,gravity,0.263467013835907
936,0.27009013295173645,gravity,0.27009013295173645
937,0.2764502763748169,gravity,0.2764502763748169
938,0.2827252745628357,gravity,0.2827252745628357
939,0.28891101479530334,gravity,0.28891101479530334
940,0.29482296109199524,gravity,0.29482296109199524
941,0.30060890316963196,gravity,0.30060890316963196
942,0.3063032925128937,gravity,0.3063032925128937
943,0.3117906451225281,gravity,0.3117906451225281
944,0.3170764446258545,gravity,0.3170764446258545
945,0.3222687840461731,gravity,0.3222687840461731
946,0.3273284435272217,gravity,0.3273284435272217
947,0.3321121037006378,gravity,0.3321121037006378
948,0.3368041217327118,gravity,0.3368041217327118
949,0.3414015471935272,gravity,0.3414015471935272
950,0.3457258343696594,gravity,0.3457258343696594
951,0.3499271869659424,gravity,0.3499271869659424
952,0.354037344455719,gravity,0.354037344455719
953,0.3579524755477905,gravity,0.3579524755477905
954,0.3616796135902405,gravity,0.3616796135902405
955,0.3653208613395691,gravity,0.3653208613395691
956,0.3688446879386902,gravity,0.3688446879386902
957,0.3721204400062561,gravity,0.3721204400062561
958,0.3753186762332916,gravity,0.3753186762332916
959,0.37843793630599976,gravity,0.37843793630599976
960,0.38132432103157043,gravity,0.38132432103157043
961,0.38410866260528564,gravity,0.38410866260528564
962,0.38682276010513306,gravity,0.38682276010513306
963,0.3893774449825287,gravity,0.3893774449825287
964,0.39177989959716797,gravity,0.39177989959716797
965,0.3941192626953125,gravity,0.3941192626953125
966,0.39636966586112976,gravity,0.39636966586112976
967,0.3984251618385315,gravity,0.3984251618385315
968,0.40042638778686523,gravity,0.40042638778686523
969,0.4023716151714325,gravity,0.4023716151714325
970,0.4041408598423004,gravity,0.4041408598423004
971,0.4058399498462677,gravity,0.4058399498462677
972,0.4074874222278595,gravity,0.4074874222278595
973,0.40902337431907654,gravity,0.40902337431907654
974,0.41045013070106506,gravity,0.41045013070106506
975,0.411836713552475,gravity,0.411836713552475
976,0.41316238045692444,gravity,0.41316238045692444
977,0.414352148771286,gravity,0.414352148771286
978,0.4155091345310211,gravity,0.4155091345310211
979,0.416631817817688,gravity,0.416631817817688
980,0.4176331162452698,gravity,0.4176331162452698
981,0.4185897409915924,gravity,0.4185897409915924
982,0.41951680183410645,gravity,0.41951680183410645
983,0.42037147283554077,gravity,0.42037147283554077
984,0.4211558997631073,gravity,0.4211558997631073
985,0.42191562056541443,gravity,0.42191562056541443
986,0.42264115810394287,gravity,0.42264115810394287
987,0.42327943444252014,gravity,0.42327943444252014
988,0.4238983988761902,gravity,0.4238983988761902
989,0.4244985282421112,gravity,0.4244985282421112
990,0.42502379417419434,gravity,0.42502379417419434
991,0.4255231022834778,gravity,0.4255231022834778
992,0.426008015871048,gravity,0.426008015871048
993,0.4264480769634247,gravity,0.4264480769634247
994,0.4268471598625183,gravity,0.4268471598625183
995,0.42723387479782104,gravity,0.42723387479782104
996,0.4276019036769867,gravity,0.4276019036769867
997,0.427916944026947,gravity,0.427916944026947
998,0.42822495102882385,gravity,0.42822495102882385
999,0.4285222589969635,gravity,0.4285222589969635
1000,0.4287780821323395,gravity,0.4287780821323395
1001,0.42901936173439026,gravity,0.42901936173439026
1002,0.42925316095352173,gravity,0.42925316095352173
1003,0.4294627010822296,gravity,0.4294627010822296
1004,0.4296523332595825,gravity,0.4296523332595825
1005,0.42983296513557434,gravity,0.42983296513557434
1006,0.4300065338611603,gravity,0.4300065338611603
1007,0.43015164136886597,gravity,0.43015164136886597
1008,0.4302917718887329,gravity,0.4302917718887329
1009,0.4304293096065521,gravity,0.4304293096065521
1010,0.4305436313152313,gravity,0.4305436313152313
1011,0.4306503236293793,gravity,0.4306503236293793
1012,0.4307568371295929,gravity,0.4307568371295929
1013,0.4308484196662903,gravity,0.4308484196662903
1014,0.43093082308769226,gravity,0.43093082308769226
1015,0.4310099184513092,gravity,0.4310099184513092
1016,0.43108561635017395,gravity,0.43108561635017395
1017,0.43114662170410156,gravity,0.43114662170410156
1018,0.4312053620815277,gravity,0.4312053620815277
1019,0.43126460909843445,gravity,0.43126460909843445
1020,0.4313121736049652,gravity,0.4313121736049652
1021,0.4313555955886841,gravity,0.4313555955886841
1022,0.4313991367816925,gravity,0.4313991367816925
1023,0.4314371645450592,gravity,0.4314371645450592
1024,0.4314710795879364,gravity,0.4314710795879364
1025,0.4315025806427002,gravity,0.4315025806427002
1026,0.4315284490585327,gravity,0.4315284490585327
1027,0.4315284490585327,gravity,0.4315284490585327
