dim,icc,SEM,MDC,stream
0,0.9844456,0.008113308,0.022488942073120705,acc_mean
1,0.9726131,0.004553921,0.012622825159331491,acc_mean
2,0.98126894,0.0066329706,0.01838565661100166,acc_mean
3,0.98355645,0.007473753,0.0207161859342783,acc_mean
4,0.9753035,0.0038462237,0.010661188169134427,acc_mean
5,0.9894076,0.0065936805,0.018276749812994014,acc_mean
6,0.9829495,0.0031884662,0.00883797736622423,acc_mean
7,0.9272581,0.004426053,0.012268392422159243,acc_mean
8,0.9865753,0.0046738586,0.012955275180333452,acc_mean
9,0.9757962,0.0034869635,0.009665369577723642,acc_mean
10,0.98833746,0.0055465526,0.01537425941166892,acc_mean
11,0.98894775,0.0071490877,0.019816260181871753,acc_mean
12,0.81074333,0.004250074,0.011780603552841742,acc_mean
13,0.9579653,0.0027155578,0.00752714223134974,acc_mean
14,0.9848052,0.0071522994,0.019825162465556004,acc_mean
15,0.97077334,0.0037007076,0.010257838047852044,acc_mean
16,0.9833362,0.011773838,0.032635413158733965,acc_mean
17,0.9863409,0.0045079635,0.012495437442403869,acc_mean
18,0.97094303,0.005762644,0.015973234538612213,acc_mean
19,0.9648194,0.0038571134,0.010691372938613629,acc_mean
20,0.96064794,0.0059419195,0.01647016060761085,acc_mean
21,0.9820426,0.0054417895,0.015083870970834962,acc_mean
22,0.85977805,0.0033058226,0.009163272775299004,acc_mean
23,0.9807423,0.014102039,0.039088857628089356,acc_mean
24,0.9796132,0.0077024032,0.021349972514166968,acc_mean
25,0.97939897,0.003937385,0.010913874528588781,acc_mean
26,0.98174673,0.0068093664,0.01887460069909506,acc_mean
27,0.9827223,0.0052876254,0.014656549737265776,acc_mean
28,0.9764673,0.0057744817,0.016006046624089575,acc_mean
29,0.9749722,0.006398056,0.017734506899299077,acc_mean
30,0.9876075,0.004447187,0.012326972985449042,acc_mean
31,0.9769488,0.0075670886,0.0209748994379495,acc_mean
32,0.9685962,0.0056979596,0.015793938130855847,acc_mean
33,0.98819256,0.006370102,0.017657022051996003,acc_mean
34,0.9726271,0.0041427477,0.011483110839222786,acc_mean
35,0.9891833,0.00847915,0.02350300473133373,acc_mean
36,0.9899122,0.0037016529,0.010260458264740405,acc_mean
37,0.98109466,0.00515652,0.014293143725311314,acc_mean
38,0.98904544,0.0037809873,0.010480362225903818,acc_mean
39,0.98704535,0.0069701457,0.019320258287893837,acc_mean
40,0.97571045,0.004343182,0.012038685881114715,acc_mean
41,0.97839373,0.009374687,0.025985307859061054,acc_mean
42,0.9735387,0.007465527,0.020693384884360608,acc_mean
43,0.97617954,0.005681786,0.015749107897867383,acc_mean
44,0.99000853,0.0059754816,0.01656318992387281,acc_mean
45,0.9793974,0.006275492,0.017394775773140837,acc_mean
46,0.85426605,0.0033530965,0.009294309434661798,acc_mean
47,0.9885987,0.009974249,0.02764720688082276,acc_mean
48,0.93397826,0.003797159,0.010525187941276954,acc_mean
49,0.98443395,0.013415657,0.037186303947230374,acc_mean
50,0.9822569,0.007369797,0.02042803564915095,acc_mean
51,0.9473436,0.0041357474,0.011463707036029318,acc_mean
52,0.97038233,0.00494206,0.013698691376681725,acc_mean
53,0.9632252,0.0028206182,0.00781835481429366,acc_mean
54,0.98734033,0.0066426154,0.01841239056774636,acc_mean
55,0.9767764,0.0044326033,0.012286549363523077,acc_mean
56,0.98861754,0.010143544,0.028116468364319795,acc_mean
57,0.96624887,0.0050948705,0.014122260408036888,acc_mean
58,0.96505886,0.004230473,0.011726273420198925,acc_mean
59,0.97014445,0.00531081,0.01472081475138136,acc_mean
60,0.880964,0.0031224252,0.008654921011770426,acc_mean
61,0.93438077,0.003267126,0.009056011034643192,acc_mean
62,0.9586184,0.0053553437,0.014844255363262377,acc_mean
63,0.9910199,0.005944574,0.016477517866854037,acc_mean
64,0.62549704,0.0045549404,0.012625650605030321,acc_std
65,0.9216957,0.0026704704,0.007402166275631922,acc_std
66,0.9682459,0.0044617536,0.012367350140474525,acc_std
67,0.7623628,0.004617972,0.012800364860100145,acc_std
68,0.98767084,0.003506283,0.009718920744409746,acc_std
69,0.9808499,0.0030808812,0.008539766997142257,acc_std
70,0.95798826,0.0015424313,0.004275401443003515,acc_std
71,0.9338977,0.0019761622,0.005477642140701389,acc_std
72,0.9737544,0.004180636,0.011588131197303899,acc_std
73,0.87734807,0.002785918,0.007722170911787781,acc_std
74,0.9378832,0.0023394395,0.006484595363140476,acc_std
75,0.96201694,0.0034819408,0.009651447578039962,acc_std
76,0.96161646,0.004009821,0.011114656714829713,acc_std
77,0.96861327,0.0031955584,0.008857636091996739,acc_std
78,0.85351306,0.0043987273,0.012192650083624293,acc_std
79,0.93672776,0.0038511096,0.010674731334504443,acc_std
80,0.9484292,0.0047933743,0.013286555784339916,acc_std
81,0.88696176,0.0055584875,0.015407341263318532,acc_std
82,0.9815471,0.0058557,0.016231172303194794,acc_std
83,0.94335365,0.0014160653,0.0039251326564134605,acc_std
84,0.9816184,0.0030084557,0.008339013852714124,acc_std
85,0.9492589,0.004343594,0.01203982819241826,acc_std
86,0.9423243,0.0021400522,0.005931921921034281,acc_std
87,0.79854226,0.005184829,0.01437161212200795,acc_std
88,0.91764724,0.003755912,0.010410856778011509,acc_std
89,0.895341,0.0025386056,0.00703665570030974,acc_std
90,0.91124654,0.0036689928,0.010169929125873892,acc_std
91,0.94047534,0.003922148,0.010871639988291203,acc_std
92,0.97325975,0.0035685208,0.009891434920816412,acc_std
93,0.81684196,0.003122038,0.008653847755443986,acc_std
94,0.9813036,0.0052500092,0.014552283175570281,acc_std
95,0.782806,0.0045311595,0.012559733434453109,acc_std
96,0.92874897,0.003363096,0.009322026295426446,acc_std
97,0.9545346,0.0029503016,0.008177818884190457,acc_std
98,0.94200945,0.0029736771,0.00824261245929904,acc_std
99,0.7924756,0.0029185049,0.008089682790698832,acc_std
100,0.94358665,0.0026796272,0.007427547529273667,acc_std
101,0.9870402,0.0025546425,0.007081107744358156,acc_std
102,0.9323397,0.0024353685,0.006750497038166992,acc_std
103,0.96328837,0.0031524466,0.008738136131426148,acc_std
104,0.94991505,0.0026086546,0.007230821516220751,acc_std
105,0.9077498,0.0056832694,0.015753218927812916,acc_std
106,0.89481825,0.0037817978,0.01048260877146746,acc_std
107,0.9698253,0.0039508548,0.01095121068312708,acc_std
108,0.90857255,0.0029766234,0.008250779017058972,acc_std
109,0.9714052,0.003990982,0.011062438244664415,acc_std
110,0.9740235,0.0037409372,0.010369348928407601,acc_std
111,0.7450267,0.00531598,0.014735144627191504,acc_std
112,0.9231539,0.0034220782,0.00948551685790871,acc_std
113,0.73683584,0.0059882184,0.016598494442262204,acc_std
114,0.8634483,0.0044725686,0.012397327745022406,acc_std
115,0.8509889,0.0038830994,0.010763402442725244,acc_std
116,0.94174826,0.004433773,0.01228979172057902,acc_std
117,0.9814849,0.002527319,0.007005370568812149,acc_std
118,0.8540773,0.004060585,0.011255367524723676,acc_std
119,0.9833624,0.0051029087,0.01414454128681861,acc_std
120,0.9460558,0.0043149763,0.011960504030304393,acc_std
121,0.9754415,0.0037252435,0.010325848165071856,acc_std
122,0.9650927,0.0019934543,0.005525573393923491,acc_std
123,0.97512275,0.004571504,0.012671562484202254,acc_std
124,0.963995,0.0037080012,0.010278055021803968,acc_std
125,0.9858091,0.0032031175,0.008878588791872982,acc_std
126,0.9343439,0.0038394872,0.010642515574249951,acc_std
127,0.9165124,0.0035062162,0.009718735522181431,acc_std
128,0.34922338,0.0068584555,0.019010668691182404,gravity
129,0.34381762,0.006458817,0.01790292747084789,gravity
130,0.3356551,0.0060515422,0.016774019286596015,gravity
131,0.32430735,0.005663568,0.0156986099937672,gravity
132,0.30897775,0.005297996,0.01468529596895085,gravity
133,0.28879458,0.004957855,0.013742473522914841,gravity
134,0.26291883,0.0046459655,0.012877959420918248,gravity
135,0.23075052,0.0043648337,0.012098701755330553,gravity
136,0.19225739,0.0041166246,0.011410701210050275,gravity
137,0.14839089,0.003903295,0.010819381504961598,gravity
138,0.10150927,0.0037266691,0.010329799787733785,gravity
139,0.05525367,0.00358876,0.009947535313292916,gravity
140,0.013936107,0.003492044,0.009679452275438158,gravity
141,-0.018377015,0.0034381328,0.009530017950352082,gravity
142,-0.039064404,0.0034265982,0.009498045495951509,gravity
143,-0.04753484,0.003454074,0.009574204745843574,gravity
144,-0.045015123,0.0035143807,0.009741366193464013,gravity
145,-0.03381071,0.003599637,0.009977684587223139,gravity
146,-0.01651016,0.0037016214,0.010260371139301998,gravity
147,0.0045604478,0.0038128318,0.010568630620987096,gravity
148,0.027497236,0.003925656,0.010881363187217325,gravity
149,0.05101256,0.0040350505,0.01118458940005702,gravity
150,0.07433974,0.0041386895,0.01147186197706413,gravity
151,0.09695424,0.0042339726,0.011735973385674807,gravity
152,0.1185542,0.004319117,0.011971981354723759,gravity
153,0.13898115,0.0043929885,0.012176742914692189,gravity
154,0.15816356,0.004454967,0.012348538790262218,gravity
155,0.17607696,0.004504846,0.012486795889661218,gravity
156,0.19271801,0.004542759,0.012591885948093054,gravity
157,0.20808803,0.0045691193,0.01266495256760851,gravity
158,0.22215846,0.004583256,0.012704137072188254,gravity
159,0.2349242,0.0045861145,0.012712060969467887,gravity
160,0.24638124,0.0045800526,0.012695258021954245,gravity
161,0.2564804,0.0045662047,0.012656873780660601,gravity
162,0.26515833,0.0045457925,0.012600293875586054,gravity
163,0.2723382,0.004520096,0.012529066570881393,gravity
164,0.27793384,0.004490416,0.012446798214323014,gravity
165,0.28185374,0.004458048,0.012357078373973252,gravity
166,0.28400746,0.004424235,0.01226335334495128,gravity
167,0.28431198,0.004390143,0.012168855158335155,gravity
168,0.28271207,0.004355811,0.012073692236892674,gravity
169,0.27917963,0.0043221912,0.011980502867973494,gravity
170,0.27369455,0.004291017,0.011894092503535928,gravity
171,0.2662808,0.0042628106,0.011815908071231136,gravity
172,0.25700244,0.0042379024,0.011746866001596424,gravity
173,0.24596527,0.0042164456,0.011687390950472321,gravity
174,0.23331533,0.004198423,0.01163743516021111,gravity
175,0.219234,0.0041836808,0.011596571393477789,gravity
176,0.20393048,0.0041719424,0.011564034237161621,gravity
177,0.18763141,0.0041628545,0.011538844014110752,gravity
178,0.17062344,0.004154989,0.011517042002553452,gravity
179,0.15313691,0.0041478537,0.011497263882661648,gravity
180,0.13532491,0.0041419845,0.011480995304503562,gravity
181,0.11736652,0.004136922,0.011466962300557618,gravity
182,0.09940939,0.0041322275,0.01145395027767507,gravity
183,0.08156742,0.004127492,0.011440824669035784,gravity
184,0.063919865,0.0041223383,0.011426538678631653,gravity
185,0.046513267,0.0041164286,0.011410157805464068,gravity
186,0.029366108,0.0041094734,0.011390879204752458,gravity
187,0.012473625,0.0041012294,0.011368027815692579,gravity
188,-0.0041731265,0.004090385,0.01133796889406885,gravity
189,-0.020622099,0.0040768,0.01130031263421611,gravity
190,-0.03692015,0.004061544,0.011258025173281873,gravity
191,-0.053087603,0.004044647,0.011211189119089218,gravity
192,-0.06912807,0.0040262155,0.011160100052755107,gravity
193,-0.08502169,0.0040064445,0.011105297506624043,gravity
194,-0.10071859,0.003985615,0.011047561092026356,gravity
195,-0.11613365,0.0039641033,0.010987933732728447,gravity
196,-0.13114177,0.003942381,0.010927722955680027,gravity
197,-0.14557716,0.0039210147,0.01086849830951964,gravity
198,-0.15925261,0.0038995813,0.010809087795757321,gravity
199,-0.1719123,0.003878866,0.010751668259605985,gravity
200,-0.1832522,0.0038607798,0.01070153563697349,gravity
201,-0.19297245,0.0038461564,0.010661001656158875,gravity
202,-0.2007706,0.0038358278,0.010632372237098626,gravity
203,-0.20635857,0.0038305689,0.010617795183192858,gravity
204,-0.20948131,0.0038310606,0.010619158212273699,gravity
205,-0.20993535,0.0038378234,0.010637903734376989,gravity
206,-0.20758463,0.0038511883,0.010674949470787268,gravity
207,-0.20237367,0.003871254,0.010730568414544877,gravity
208,-0.19428892,0.0038969489,0.010801791201634213,gravity
209,-0.18343017,0.0039279046,0.010887596205618261,gravity
210,-0.17004395,0.00396443,0.010988839837287871,gravity
211,-0.15441324,0.004005727,0.011103308465133913,gravity
212,-0.1368807,0.004050874,0.011228450281871513,gravity
213,-0.11783035,0.004098888,0.01136153793859175,gravity
214,-0.09767095,0.004148776,0.011499820852935461,gravity
215,-0.076819494,0.0041995863,0.011640659446805753,gravity
216,-0.055686153,0.004250445,0.011781632278388552,gravity
217,-0.03466362,0.0043005836,0.011920609614745042,gravity
218,-0.01405569,0.004348346,0.01205300026795803,gravity
219,0.0057938043,0.004393165,0.012177232107894499,gravity
220,0.024519728,0.004435644,0.012294977942971847,gravity
221,0.041858666,0.0044755014,0.012405456871112506,gravity
222,0.057585105,0.004512558,0.012508173245377988,gravity
223,0.07150895,0.0045467103,0.012602837938387512,gravity
224,0.083473235,0.0045779133,0.012689328329153687,gravity
225,0.09335238,0.0046061515,0.012767600532270504,gravity
226,0.101048745,0.004631429,0.012837666164463083,gravity
227,0.10649175,0.00465374,0.012899509736764595,gravity
228,0.10966964,0.0046719587,0.012950008931612016,gravity
229,0.11055556,0.0046860105,0.012988958520194873,gravity
230,0.109115526,0.0046969056,0.013019158133267286,gravity
231,0.10537338,0.0047045085,0.01304023216338368,gravity
232,0.099374264,0.0047086417,0.013051688835847274,gravity
233,0.09118466,0.0047090934,0.013052940860665852,gravity
234,0.0808926,0.0047056307,0.013043342864221586,gravity
235,0.068608046,0.00469801,0.013022219785710238,gravity
236,0.05446439,0.004685996,0.012988918507030567,gravity
237,0.038618527,0.0046693855,0.012942876262387834,gravity
238,0.021298802,0.0046469197,0.012880604162004088,gravity
239,0.0027228121,0.004618539,0.012801936990233163,gravity
240,-0.016919265,0.0045853877,0.012710046113033044,gravity
241,-0.037369978,0.004547604,0.012605314882332717,gravity
242,-0.05834911,0.004505467,0.01248851774647357,gravity
243,-0.07955459,0.0044593876,0.012360791853770207,gravity
244,-0.100666545,0.0044099293,0.012223700299124996,gravity
245,-0.121350475,0.0043577976,0.01207919856459994,gravity
246,-0.14126332,0.00430383,0.011929608704471968,gravity
247,-0.16006209,0.0042489804,0.011777572878332445,gravity
248,-0.17735095,0.004193283,0.011623187892224048,gravity
249,-0.19281873,0.0041378443,0.011469519270831433,gravity
250,-0.20624416,0.0040847505,0.011322350852517532,gravity
251,-0.21738575,0.0040350235,0.011184514536717354,gravity
252,-0.22605403,0.0039895754,0.011058538897265527,gravity
253,-0.2321213,0.003949174,0.010946552376353634,gravity
254,-0.23553044,0.0039144,0.010850163245037287,gravity
255,-0.23630024,0.0038856256,0.010770404746478624,gravity
256,-0.23452774,0.0038630045,0.010707702181891788,gravity
257,-0.23038608,0.0038464821,0.01066190453385021,gravity
258,-0.22411793,0.003834771,0.010629442886247328,gravity
259,-0.21604931,0.0038274433,0.0106091316877472,gravity
260,-0.2065349,0.003825046,0.010602486275604476,gravity
261,-0.19594905,0.003827032,0.010607991312564506,gravity
262,-0.1846772,0.003832837,0.01062408241297769,gravity
263,-0.17309925,0.0038419047,0.01064921648852381,gravity
264,-0.16157366,0.0038537143,0.01068195112916703,gravity
265,-0.15042453,0.003867783,0.010720947184650371,gravity
266,-0.13993095,0.0038836773,0.01076500426004468,gravity
267,-0.1303205,0.0039010025,0.010813027156320513,gravity
268,-0.12179943,0.0039182403,0.01086080803748966,gravity
269,-0.114482,0.0039350395,0.010907373034762831,gravity
270,-0.108393386,0.00395225,0.010955077761845075,gravity
271,-0.10354506,0.0039695855,0.01100312969993371,gravity
272,-0.099906795,0.0039867735,0.011050772471148645,gravity
273,-0.09741367,0.004003554,0.011097285838532388,gravity
274,-0.09597394,0.004019687,0.01114200377651135,gravity
275,-0.095475115,0.0040349467,0.011184301563423472,gravity
276,-0.09579216,0.0040491316,0.011223620305715725,gravity
277,-0.09679303,0.0040620696,0.011259482426910918,gravity
278,-0.098358825,0.0040724236,0.01128818219169551,gravity
279,-0.10035654,0.0040800823,0.011309411111480181,gravity
280,-0.1026517,0.0040861564,0.011326247618421948,gravity
281,-0.105135895,0.0040905983,0.011338560056302778,gravity
282,-0.10771431,0.004093384,0.011346281306266411,gravity
283,-0.11030626,0.0040945103,0.01134940362382944,gravity
284,-0.11284591,0.004093996,0.011347977348134052,gravity
285,-0.115282126,0.004091877,0.01134210444821186,gravity
286,-0.11757758,0.0040881946,0.011331897219072372,gravity
287,-0.11970822,0.004083005,0.011317511841131096,gravity
288,-0.12168316,0.0040752073,0.0112958982786702,gravity
289,-0.12350666,0.0040648775,0.011267265632741863,gravity
290,-0.12516,0.00405324,0.01123500856857583,gravity
291,-0.12664662,0.0040403567,0.011199297464807209,gravity
292,-0.12797013,0.0040262872,0.011160298827829396,gravity
293,-0.12913027,0.0040110946,0.011118186908519206,gravity
294,-0.13012011,0.003994849,0.01107315660970922,gravity
295,-0.13092372,0.0039776186,0.011025396380495841,gravity
296,-0.13151307,0.0039594844,0.010975130810898074,gravity
297,-0.13184685,0.0039405352,0.010922606433637926,gravity
298,-0.13191159,0.003919762,0.010865026199455752,gravity
299,-0.13163427,0.0038973084,0.010802787658500132,gravity
300,-0.13087785,0.0038744383,0.010739395189515843,gravity
301,-0.12953249,0.0038513204,0.010675315397628574,gravity
302,-0.12747306,0.0038281402,0.010611063290985346,gravity
303,-0.12456219,0.0038051044,0.010547211315985166,gravity
304,-0.12065351,0.0037824365,0.010484379031301148,gravity
305,-0.11559704,0.0037603658,0.010423202129946846,gravity
306,-0.10924487,0.0037391367,0.010364358254220975,gravity
307,-0.101458706,0.0037189825,0.010308493423114976,gravity
308,-0.09213951,0.0036991027,0.01025338948750439,gravity
309,-0.081186175,0.003679749,0.010199744096270082,gravity
310,-0.06852432,0.0036621601,0.010150989991685256,gravity
311,-0.054154698,0.0036465095,0.010107608622468808,gravity
312,-0.038137663,0.0036329476,0.01007001689997785,gravity
313,-0.020601524,0.0036216145,0.010038603339130312,gravity
314,-0.0017456056,0.0036126492,0.010013752582602417,gravity
315,0.018160524,0.003606203,0.009995884768619368,gravity
316,0.038781397,0.0036024468,0.009985472956043028,gravity
317,0.05973036,0.0036015895,0.009983096690382203,gravity
318,0.0805826,0.0036029664,0.009986913429958008,gravity
319,0.10089317,0.0036068838,0.009997771841077882,gravity
320,0.12022842,0.0036145563,0.010019038837906006,gravity
321,0.13818587,0.003626266,0.010051496613267182,gravity
322,0.15441634,0.0036422545,0.010095814419603092,gravity
323,0.16863763,0.0036626966,0.010152476932500721,gravity
324,0.18064255,0.003687661,0.010221674537177327,gravity
325,0.19030456,0.003717086,0.010303236854997806,gravity
326,0.19757205,0.0037507715,0.01039660821927721,gravity
327,0.20246223,0.003788369,0.01050082315108328,gravity
328,0.20503475,0.0038284974,0.010612053294115086,gravity
329,0.20540614,0.0038705259,0.010728550331241945,gravity
330,0.20374344,0.0039146356,0.010850816363138524,gravity
331,0.20021713,0.003960061,0.010976728755975804,gravity
332,0.19500515,0.0040060165,0.011104111309914485,gravity
333,0.18828343,0.0040517114,0.011230771045401204,gravity
334,0.18021938,0.004096384,0.01135459759070568,gravity
335,0.17096564,0.0041393316,0.011473641917502086,gravity
336,0.1606586,0.0041799103,0.011586120213110762,gravity
337,0.14941444,0.0042175595,0.011690478417859987,gravity
338,0.13731173,0.0042508203,0.011782672620660484,gravity
339,0.12442658,0.004279293,0.011861595360384065,gravity
340,0.110835485,0.004303682,0.011929198246851031,gravity
341,0.09658163,0.0043237926,0.011984941747716882,gravity
342,0.08169438,0.0043395204,0.01202853673560083,gravity
343,0.06619264,0.0043508383,0.012059908347163209,gravity
344,0.05008906,0.0043577827,0.0120791572606884,gravity
345,0.03339156,0.004360463,0.012086586801776779,gravity
346,0.016110197,0.0043590297,0.01208261388178546,gravity
347,-0.0017411999,0.0043536844,0.012067797394267478,gravity
348,-0.02017519,0.0043436866,0.012040085051118156,gravity
349,-0.039156698,0.0043293172,0.012000255172920587,gravity
350,-0.05859768,0.004311828,0.01195177728824419,gravity
351,-0.078422576,0.004291516,0.011895474893825305,gravity
352,-0.09853497,0.004268682,0.011832183103125397,gravity
353,-0.11881456,0.0042436365,0.011762760263056171,gravity
354,-0.1391173,0.0042166924,0.011688075046507214,gravity
355,-0.15927842,0.004188166,0.011609003870851533,gravity
356,-0.17911346,0.004158373,0.011526421862714893,gravity
357,-0.19842356,0.0041276333,0.011441215765448185,gravity
358,-0.21703218,0.0040952824,0.011351543682746141,gravity
359,-0.23471753,0.004061612,0.011258213622378277,gravity
360,-0.251236,0.0040278616,0.011164662844233116,gravity
361,-0.26638633,0.0039942893,0.011071605131531973,gravity
362,-0.27998143,0.0039611105,0.010979638100244951,gravity
363,-0.29185244,0.003928508,0.010889269014035658,gravity
364,-0.30185068,0.0038966092,0.01080084960152581,gravity
365,-0.30984998,0.0038654865,0.010714581864657782,gravity
366,-0.31574726,0.0038351524,0.010630500008233321,gravity
367,-0.31946185,0.0038055545,0.010548458823188419,gravity
368,-0.32094663,0.003775555,0.01046530436865277,gravity
369,-0.32015756,0.0037449931,0.01038059133683008,gravity
370,-0.3170631,0.0037147047,0.010296635973634711,gravity
371,-0.3116664,0.0036844802,0.010212858088184246,gravity
372,-0.30399096,0.003654101,0.010128651029277928,gravity
373,-0.29408365,0.0036233568,0.010043432669912483,gravity
374,-0.28201964,0.0035920728,0.009956717689127304,gravity
375,-0.2679083,0.0035601272,0.00986816920189389,gravity
376,-0.25190234,0.0035274804,0.009777676849323593,gravity
377,-0.23420732,0.003494193,0.009685409073930666,gravity
378,-0.21509017,0.0034595018,0.009589249695622264,gravity
379,-0.19489762,0.003423837,0.009490392010217745,gravity
380,-0.17406905,0.0033887287,0.009393076767759823,gravity
381,-0.1531354,0.0033549145,0.00929934851186976,gravity
382,-0.1327158,0.0033233224,0.009211779701788204,gravity
383,-0.11350484,0.0032950505,0.009133413919496802,gravity
384,-0.09624348,0.0032713262,0.00906765357470872,gravity
385,-0.08167336,0.0032534301,0.009018048222321986,gravity
386,-0.070482135,0.0032426033,0.008988037703719596,gravity
387,-0.06323803,0.003239927,0.008980619779356339,gravity
388,-0.060337935,0.0032455602,0.008996233948665949,gravity
389,-0.061952792,0.003260046,0.00903638651367243,gravity
390,-0.06799753,0.0032840883,0.009103028438822457,gravity
391,-0.07815804,0.003317293,0.009195067106581058,gravity
392,-0.09192547,0.0033589113,0.009310426995393313,gravity
393,-0.10865577,0.0034079375,0.009446320736603843,gravity
394,-0.12763472,0.0034632091,0.00959952597973886,gravity
395,-0.1481429,0.0035235093,0.009766669356898003,gravity
396,-0.16950633,0.003587643,0.009944438810674602,gravity
397,-0.19113325,0.0036544956,0.010129744937560138,gravity
398,-0.21251768,0.0037225862,0.01031848251597164,gravity
399,-0.23326126,0.003791055,0.010508268181138487,gravity
400,-0.25309464,0.0038596254,0.010698335874576323,gravity
401,-0.27182624,0.003927631,0.0108868372462437,gravity
402,-0.2893406,0.0039945026,0.011072196293765898,gravity
403,-0.3055826,0.0040597534,0.011253062250160813,gravity
404,-0.32054195,0.004122968,0.011428283768894246,gravity
405,-0.33424285,0.0041837934,0.011596883754308816,gravity
406,-0.3467315,0.0042419354,0.011758045163404354,gravity
407,-0.35807025,0.0042971517,0.011911096807618331,gravity
408,-0.3683002,0.0043488867,0.012054498825498616,gravity
409,-0.3774967,0.0043970444,0.012187985323114667,gravity
410,-0.3857674,0.0044419174,0.012312366889730472,gravity
411,-0.39318737,0.0044834497,0.012427488635677749,gravity
412,-0.39982906,0.004521628,0.012533313129286669,gravity
413,-0.40576074,0.004556477,0.012629910070907953,gravity
414,-0.41104588,0.0045880564,0.01271744338544053,gravity
415,-0.4157431,0.0046164594,0.012796172513078767,gravity
416,-0.41990644,0.0046418025,0.012866420140631572,gravity
417,-0.42358556,0.0046642316,0.012928590271983703,gravity
418,-0.42680633,0.004683728,0.012982631277245735,gravity
419,-0.4296144,0.0047005326,0.013029211763485734,gravity
420,-0.43206865,0.004715041,0.013069426284359524,gravity
421,-0.434204,0.0047274474,0.013103815662958844,gravity
422,-0.43605265,0.00473795,0.013132927176111607,gravity
423,-0.43764362,0.0047467477,0.013157313263634668,gravity
424,-0.43900406,0.0047540343,0.013177510876378059,gravity
425,-0.44015878,0.0047599953,0.013194033731741566,gravity
426,-0.44113103,0.004764809,0.01320737618591644,gravity
427,-0.44190505,0.0047684787,0.013217548564880567,gravity
428,-0.27718937,0.006946624,0.019255058772779644,gravity
429,-0.28149027,0.0065377476,0.01812171170878438,gravity
430,-0.2845865,0.0061240727,0.016975063494525787,gravity
431,-0.28553414,0.0057338863,0.015893521861580415,gravity
432,-0.2835471,0.005371209,0.014888231121580841,gravity
433,-0.27772895,0.0050400584,0.013970329132423452,gravity
434,-0.26715952,0.00474422,0.013150307087639581,gravity
435,-0.25106272,0.004486909,0.012437077596891364,gravity
436,-0.22906911,0.0042704544,0.011837095687104266,gravity
437,-0.20153244,0.0040960778,0.011353748279024625,gravity
438,-0.1698526,0.00396333,0.01098578980157004,gravity
439,-0.13642311,0.0038710914,0.010730117943759637,gravity
440,-0.10421486,0.0038184065,0.010584082801518634,gravity
441,-0.076285236,0.0038033384,0.010542316157093978,gravity
442,-0.055047102,0.003823234,0.010597463978110577,gravity
443,-0.041827995,0.0038744663,0.010739472634349982,gravity
444,-0.03682289,0.0039523714,0.010955414646873579,gravity
445,-0.03935537,0.004051499,0.01123018246466175,gravity
446,-0.048258625,0.0041660774,0.011547777275728657,gravity
447,-0.062211473,0.0042904858,0.011892619760940056,gravity
448,-0.080008574,0.00441818,0.012246569758646174,gravity
449,-0.10056252,0.004544634,0.012597082496463765,gravity
450,-0.12294525,0.004667648,0.01293806048445164,gravity
451,-0.1464687,0.004784361,0.013261572080846749,gravity
452,-0.17060116,0.004892569,0.013561509469730018,gravity
453,-0.19493385,0.004990647,0.013833367943249042,gravity
454,-0.21914773,0.005077458,0.014073995496654373,gravity
455,-0.2429899,0.0051522977,0.014281440520125711,gravity
456,-0.26625174,0.005214816,0.014454732371741854,gravity
457,-0.28875664,0.0052649775,0.01459377295471289,gravity
458,-0.31036907,0.005301471,0.014694927524823242,gravity
459,-0.33093074,0.0053247917,0.014759569437131635,gravity
460,-0.35028133,0.00533716,0.014793852974457632,gravity
461,-0.36829248,0.005339394,0.014800044688947026,gravity
462,-0.38483974,0.005332437,0.014780760925246474,gravity
463,-0.3997997,0.00531733,0.014738886503427641,gravity
464,-0.41304985,0.0052951653,0.014677449516505358,gravity
465,-0.42446712,0.0052670664,0.014599563246811999,gravity
466,-0.4339279,0.005234153,0.014508331941449295,gravity
467,-0.44130585,0.0051975064,0.014406752715498416,gravity
468,-0.44646633,0.00515674,0.014293754248753775,gravity
469,-0.4492772,0.005112796,0.014171947722873085,gravity
470,-0.44961908,0.0050678533,0.014047372544171936,gravity
471,-0.4473664,0.0050225398,0.01392176993067121,gravity
472,-0.4423977,0.0049773226,0.013796434501848264,gravity
473,-0.43459892,0.0049325037,0.013672202661911796,gravity
474,-0.42387033,0.0048882198,0.013549453890549084,gravity
475,-0.41013762,0.0048444597,0.013428157209826475,gravity
476,-0.3933639,0.0048010894,0.013307940884540102,gravity
477,-0.37356883,0.0047578993,0.013188224078433923,gravity
478,-0.35084885,0.0047132852,0.013064560167281138,gravity
479,-0.3254139,0.004667076,0.01293647415609903,gravity
480,-0.29760313,0.004620603,0.012807657581981546,gravity
481,-0.2679127,0.004574057,0.012678639651295301,gravity
482,-0.23701967,0.004527946,0.012550825987779915,gravity
483,-0.20579174,0.0044831703,0.012426714187336362,gravity
484,-0.17527261,0.0044410685,0.012310013857519888,gravity
485,-0.14664091,0.0044033765,0.012205536904024983,gravity
486,-0.12113619,0.0043721376,0.012118947125721662,gravity
487,-0.09995517,0.00434949,0.012056171633916013,gravity
488,-0.08415211,0.00433613,0.01201913880497809,gravity
489,-0.07449336,0.004333568,0.012012037113687564,gravity
490,-0.07135961,0.004343831,0.012040485182761206,gravity
491,-0.074748926,0.004366783,0.012104104823258967,gravity
492,-0.0842775,0.004401411,0.01220008865994332,gravity
493,-0.09924593,0.0044459654,0.012323587355449942,gravity
494,-0.11873761,0.0044981986,0.01246837047287237,gravity
495,-0.14172547,0.004555635,0.012627576399905905,gravity
496,-0.16717052,0.004615817,0.012794392572640811,gravity
497,-0.19409771,0.0046764934,0.012962578228192738,gravity
498,-0.22165902,0.004734318,0.013122859347673566,gravity
499,-0.24912396,0.0047876677,0.013270737676967072,gravity
500,-0.2758915,0.004836733,0.013406739840945398,gravity
501,-0.30150756,0.0048806844,0.013528567018781858,gravity
502,-0.32563016,0.0049189976,0.013634765829089115,gravity
503,-0.34800956,0.0049514174,0.013724628942382034,gravity
504,-0.3684646,0.004977907,0.013798054389629,gravity
505,-0.38686496,0.004998615,0.013855453919198183,gravity
506,-0.4031128,0.005013836,0.013897644574089749,gravity
507,-0.41712937,0.005023986,0.013925778991585126,gravity
508,-0.42885265,0.0050280932,0.013937163382203526,gravity
509,-0.43820608,0.0050267596,0.013933466682120635,gravity
510,-0.4450969,0.005022116,0.013920595350686772,gravity
511,-0.44942746,0.005014816,0.013900360306273547,gravity
512,-0.45108178,0.005005501,0.013874541489318918,gravity
513,-0.4499248,0.0049947705,0.013844797510020688,gravity
514,-0.44580057,0.0049831388,0.013812555934821485,gravity
515,-0.4385361,0.004971014,0.01377894745829973,gravity
516,-0.42794478,0.004958656,0.013744693608160153,gravity
517,-0.4138345,0.0049461517,0.013710033172641347,gravity
518,-0.39602327,0.0049320753,0.013671015174455,gravity
519,-0.37435144,0.0049161837,0.013626965843544106,gravity
520,-0.34869835,0.0048993067,0.013580185291482583,gravity
521,-0.319015,0.004880767,0.013528795481042568,gravity
522,-0.2853511,0.0048597823,0.01347062924761541,gravity
523,-0.24788485,0.004835539,0.0134034303650332,gravity
524,-0.20695685,0.0048073097,0.013325182686113862,gravity
525,-0.16309369,0.0047745807,0.013234462516656473,gravity
526,-0.117025934,0.0047371974,0.013130841328578802,gravity
527,-0.06968336,0.0046954905,0.013015235552418156,gravity
528,-0.022208173,0.0046492764,0.012887136633763693,gravity
529,0.02414665,0.0046001743,0.01275103250075375,gravity
530,0.06812179,0.0045514666,0.012616021630652402,gravity
531,0.10846486,0.0045057503,0.012489302520792842,gravity
532,0.14405027,0.0044658305,0.012378650632522607,gravity
533,0.17395985,0.004434432,0.012291618127917459,gravity
534,0.19754378,0.0044138483,0.012234563227860193,gravity
535,0.21445148,0.004405668,0.012211888671171598,gravity
536,0.2246302,0.0044105584,0.012225444098640353,gravity
537,0.22829564,0.0044282037,0.012274354383640692,gravity
538,0.22586899,0.0044561806,0.012351902477558312,gravity
539,0.21796337,0.004492401,0.012452300669788575,gravity
540,0.20529172,0.0045355354,0.012571862586226475,gravity
541,0.18859121,0.0045828777,0.01270308898543291,gravity
542,0.16860051,0.0046317144,0.012838457392518534,gravity
543,0.14602885,0.00467951,0.012970939688785254,gravity
544,0.12153723,0.004724028,0.013094337706007495,gravity
545,0.09572823,0.004763403,0.013203479420012024,gravity
546,0.0691448,0.0047961804,0.013294333827181919,gravity
547,0.042272113,0.0048213205,0.013364018688939983,gravity
548,0.015560908,0.0048367474,0.013406779854109704,gravity
549,-0.01059757,0.004842202,0.013421899667228062,gravity
550,-0.035862077,0.0048392485,0.013413712457512359,gravity
551,-0.059900288,0.004828322,0.013383426364375157,gravity
552,-0.08239694,0.0048101516,0.01333306011649301,gravity
553,-0.10304707,0.004785696,0.013265272653171347,gravity
554,-0.121551834,0.004756108,0.013183258573818392,gravity
555,-0.13761702,0.0047226925,0.01309063584293566,gravity
556,-0.1509543,0.0046868417,0.012991262504010502,gravity
557,-0.16128518,0.0046499805,0.01288908824358399,gravity
558,-0.16835919,0.0046121744,0.012784295057016351,gravity
559,-0.17195676,0.0045747655,0.01268060287784072,gravity
560,-0.17188346,0.004540215,0.012584833305197484,gravity
561,-0.16801082,0.0045094006,0.012499420688373073,gravity
562,-0.16028737,0.004482931,0.01242605074325724,gravity
563,-0.14875595,0.00446112,0.01236559343348681,gravity
564,-0.13356856,0.004443999,0.012318136529873808,gravity
565,-0.114996076,0.0044313534,0.012283084997942603,gravity
566,-0.093430854,0.0044227866,0.01225933912104842,gravity
567,-0.069378674,0.004417792,0.01224549456619888,gravity
568,-0.04350183,0.0044146543,0.012236797511325097,gravity
569,-0.016491527,0.0044129263,0.012232007548333614,gravity
570,0.01099507,0.004413433,0.012233411881325996,gravity
571,0.038246594,0.00441595,0.012240388370134664,gravity
572,0.06458672,0.0044203936,0.012252705971004436,gravity
573,0.08940224,0.004426794,0.012270447291758392,gravity
574,0.112169884,0.0044352594,0.012293911785755202,gravity
575,0.13246979,0.0044459123,0.01232344021026508,gravity
576,0.14999,0.004458824,0.012359230049615075,gravity
577,0.16452622,0.004473974,0.012401223220179586,gravity
578,0.17590804,0.0044900053,0.012445659775261176,gravity
579,0.18412226,0.0045065577,0.012491540676499453,gravity
580,0.18928576,0.004524347,0.012540849802395606,gravity
581,0.1915019,0.004542758,0.012591883366598583,gravity
582,0.19091296,0.004561066,0.012642630384915246,gravity
583,0.18768756,0.0045784637,0.01269085399238622,gravity
584,0.18201068,0.004594107,0.012734215355020517,gravity
585,0.17407587,0.0046071513,0.012770371766585437,gravity
586,0.1640814,0.0046167835,0.012797070873154777,gravity
587,0.15222631,0.0046222615,0.012812255223634918,gravity
588,0.13867801,0.004621602,0.012810427525549242,gravity
589,0.123646826,0.004614278,0.012790126653027001,gravity
590,0.10737633,0.004601266,0.012754058012274106,gravity
591,0.090083,0.004582373,0.01270168981542947,gravity
592,0.07199635,0.004557582,0.012632973014098142,gravity
593,0.05336599,0.0045270645,0.012548382603262838,gravity
594,0.034464687,0.0044911853,0.012448930528756303,gravity
595,0.015594424,0.0044505117,0.012336188920711555,gravity
596,-0.0029086277,0.004405808,0.012212277186089528,gravity
597,-0.020675821,0.0043580323,0.012079849101206706,gravity
598,-0.03732285,0.004307091,0.01193864651661596,gravity
599,-0.052413747,0.0042543407,0.011792430669761968,gravity
600,-0.06548034,0.00420241,0.011648486538042712,gravity
601,-0.076075226,0.0041527133,0.01151073412081285,gravity
602,-0.08377285,0.0041066213,0.011382973377934124,gravity
603,-0.088194095,0.0040653776,0.011268651895272947,gravity
604,-0.089036755,0.004030012,0.01117062351496733,gravity
605,-0.08610285,0.0040012593,0.011090925036155124,gravity
606,-0.07932277,0.003979509,0.011030636814272564,gravity
607,-0.06877196,0.0039647743,0.010989793699495015,gravity
608,-0.054685462,0.003955658,0.01096452474086277,gravity
609,-0.037433594,0.003951514,0.010953038381212756,gravity
610,-0.01749894,0.0039525,0.010955770893110619,gravity
611,0.0045363996,0.003957578,0.010969846491715339,gravity
612,0.02803707,0.0039656754,0.01099229129539599,gravity
613,0.05235113,0.0039757583,0.011020239845289435,gravity
614,0.07684533,0.0039869007,0.011051124845143976,gravity
615,0.10093265,0.003998305,0.011082736535692186,gravity
616,0.124089554,0.00400933,0.011113296267243344,gravity
617,0.14587066,0.0040194723,0.011141408742035716,gravity
618,0.1658889,0.0040272544,0.011162979709837834,gravity
619,0.18385173,0.0040323855,0.01117720245362742,gravity
620,0.1995555,0.0040357644,0.011186568115569267,gravity
621,0.21283689,0.00403725,0.011190685599250978,gravity
622,0.22358079,0.0040367306,0.011189246416083232,gravity
623,0.23170924,0.0040341117,0.011181987253629958,gravity
624,0.23717162,0.004029299,0.011168647380949555,gravity
625,0.2399379,0.004022199,0.011148967357847659,gravity
626,0.23999196,0.004012708,0.01112265934769072,gravity
627,0.23732907,0.004000713,0.011089410989647712,gravity
628,0.23194261,0.003985001,0.01104585859642254,gravity
629,0.22385271,0.003965484,0.01099176079828214,gravity
630,0.21310145,0.003943175,0.010929923679716805,gravity
631,0.19973798,0.003917989,0.010860111033982413,gravity
632,0.18383752,0.003889872,0.010782175070520482,gravity
633,0.16551214,0.0038588156,0.010696091265133533,gravity
634,0.14492282,0.00382488,0.010602026769588586,gravity
635,0.12229016,0.0037882098,0.01050038171552869,gravity
636,0.09791055,0.0037490733,0.01039190086410881,gravity
637,0.072164506,0.0037078834,0.01027772846275335,gravity
638,0.04553821,0.0036642957,0.010156909358507929,gravity
639,0.01861262,0.003619171,0.01003183014301126,gravity
640,-0.007965284,0.0035744382,0.009907837091313385,gravity
641,-0.033471655,0.0035312623,0.009788159652997893,gravity
642,-0.05714626,0.003490942,0.009676397722105002,gravity
643,-0.07823313,0.0034548412,0.0095763312519143,gravity
644,-0.096028924,0.0034242875,0.009491640808168233,gravity
645,-0.10993736,0.003400443,0.009425546805219736,gravity
646,-0.11951361,0.0033841936,0.009380506180431866,gravity
647,-0.12450146,0.0033760262,0.00935786711929225,gravity
648,-0.12484632,0.0033751305,0.009355384366984484,gravity
649,-0.120721385,0.0033810332,0.009371745878943535,gravity
650,-0.112472676,0.0033936894,0.009406827098061161,gravity
651,-0.10058058,0.0034118954,0.009457291442733218,gravity
652,-0.0856229,0.0034342464,0.00951924537392338,gravity
653,-0.06822956,0.0034592415,0.009588528167917538,gravity
654,-0.049042698,0.003485399,0.009661033312385488,gravity
655,-0.028680384,0.0035113408,0.009732940195509717,gravity
656,-0.0077163004,0.0035358428,0.009800856088181327,gravity
657,0.013339026,0.0035578683,0.00986190778705377,gravity
658,0.033990256,0.0035755914,0.009911033626842463,gravity
659,0.05385338,0.0035883537,0.009946409136329815,gravity
660,0.07266931,0.0035967056,0.009969559333374747,gravity
661,0.0901863,0.0036003683,0.009979711705756721,gravity
662,0.10620081,0.003599211,0.009976504198876142,gravity
663,0.12054862,0.0035932283,0.00995992067839256,gravity
664,0.13309593,0.0035825116,0.0099302154215114,gravity
665,0.14373374,0.0035672393,0.009887882784423914,gravity
666,0.15237068,0.0035476617,0.00983361654376926,gravity
667,0.15892944,0.0035240839,0.00976826213898679,gravity
668,0.16330023,0.003495903,0.009690148697779958,gravity
669,0.16543582,0.00346355,0.009600470806715354,gravity
670,0.16533792,0.0034284142,0.009503079410170529,gravity
671,0.16297355,0.0033909318,0.009399183292931665,gravity
672,0.15832536,0.0033515582,0.009290045451168842,gravity
673,0.15139642,0.0033107586,0.009176954695996853,gravity
674,0.14221954,0.003269015,0.009061247596178209,gravity
675,0.13086535,0.003226822,0.008944294279903548,gravity
676,0.11745415,0.003184697,0.008827529412725294,gravity
677,0.10216696,0.0031431902,0.008712478657875975,gravity
678,0.08525012,0.0031021219,0.008598643141549019,gravity
679,0.067051336,0.0030622159,0.008488029330322234,gravity
680,0.04799524,0.0030249574,0.008384754062503715,gravity
681,0.028575562,0.0029911033,0.008290915447725008,gravity
682,0.009348942,0.0029614598,0.00820874776945101,gravity
683,-0.009087956,0.0029368578,0.008140554366123735,gravity
684,-0.026132803,0.0029181254,0.008088630831701782,gravity
685,-0.04122142,0.002906028,0.00805509850926693,gravity
686,-0.053870004,0.0029012184,0.00804176702644356,gravity
687,-0.06371621,0.002904177,0.008049967789005236,gravity
688,-0.07053394,0.002914615,0.008078900533665863,gravity
689,-0.074276045,0.002932588,0.008128719504720097,gravity
690,-0.07506457,0.0029584055,0.008200281758332408,gravity
691,-0.07314098,0.0029915762,0.008292226201542805,gravity
692,-0.068847775,0.0030314245,0.00840267996011237,gravity
693,-0.06258975,0.0030771375,0.008529390034741279,gravity
694,-0.054798283,0.0031278227,0.0086698820629788,gravity
695,-0.04589819,0.0031825593,0.008821604237540059,gravity
696,-0.036285613,0.0032404356,0.008982029275337663,gravity
697,-0.026310142,0.0033005823,0.00914874735128266,gravity
698,-0.016283976,0.0033617374,0.009318260540366448,gravity
699,-0.006454078,0.0034231956,0.009488614005900642,gravity
700,0.0030116655,0.003484753,0.009659242400596029,gravity
701,0.011978876,0.0035458228,0.009828519382935694,gravity
702,0.020357069,0.0036058894,0.00999501545035616,gravity
703,0.028090995,0.0036645043,0.0101574876132695,gravity
704,0.03515361,0.0037212807,0.010314863906096507,gravity
705,0.04154118,0.0037758937,0.010466243387266703,gravity
706,0.04726678,0.003828068,0.01061086322516382,gravity
707,0.052356336,0.0038775834,0.010748112896345398,gravity
708,0.056825653,0.003923936,0.010876595166928849,gravity
709,0.060718797,0.0039670463,0.010996091255257731,gravity
710,0.064101,0.004007191,0.011107366574442785,gravity
711,0.067018114,0.004044326,0.011210299794243856,gravity
712,0.0695161,0.0040784488,0.011304883170177533,gravity
713,0.07164001,0.004109587,0.011391194147077954,gravity
714,0.07343233,0.004137799,0.011469394068349575,gravity
715,0.07493344,0.004163172,0.011539724303725463,gravity
716,0.076180935,0.0041858167,0.011602492051047698,gravity
717,0.077209026,0.0042058653,0.011658063882531206,gravity
718,0.078042835,0.0042232983,0.01170638558679209,gravity
719,0.07871353,0.0042383354,0.011748066396525574,gravity
720,0.07925343,0.0042513297,0.01178408469813628,gravity
721,0.079684354,0.004262454,0.01181491935884863,gravity
722,0.080025315,0.0042718826,0.011841054408875994,gravity
723,0.080292456,0.004279793,0.011862980332167913,gravity
724,0.080499634,0.004286353,0.011881164379223697,gravity
725,0.080658935,0.0042917305,0.011896069928300938,gravity
726,0.080779746,0.0042960816,0.011908130670470815,gravity
727,0.08086697,0.0042994046,0.011917341442744386,gravity
728,0.15828648,0.008126655,0.022525937470388793,gravity
729,0.14206745,0.0077210106,0.02140154948295615,gravity
730,0.122468375,0.0073086414,0.02025852052394631,gravity
731,0.10027183,0.0069164555,0.019171436422371072,gravity
732,0.075511605,0.0065473337,0.01814828303137739,gravity
733,0.048450995,0.0062042517,0.017197308225801042,gravity
734,0.019669203,0.0058902916,0.016327055461594766,gravity
735,-0.009877232,0.005608652,0.015546389590772982,gravity
736,-0.03885026,0.005362584,0.014864323901282204,gravity
737,-0.06563061,0.005155181,0.014289432827008832,gravity
738,-0.08852772,0.0049882582,0.013826746409930177,gravity
739,-0.1061407,0.004862834,0.0134790875142506,gravity
740,-0.11755072,0.0047792024,0.01324727318297026,gravity
741,-0.12248059,0.0047351075,0.013125048454985222,gravity
742,-0.12131137,0.0047264188,0.0131009644023153,gravity
743,-0.114929,0.0047475845,0.013159632736417124,gravity
744,-0.10449385,0.004792301,0.013283580611961752,gravity
745,-0.091217846,0.0048541976,0.013455149316018307,gravity
746,-0.0762034,0.004927329,0.01365785858788206,gravity
747,-0.060356908,0.005006488,0.013877276582711252,gravity
748,-0.044470556,0.0050855735,0.014096490639477212,gravity
749,-0.029012606,0.005160994,0.014305545224751403,gravity
750,-0.014185758,0.005231787,0.014501773654744976,gravity
751,-0.00017663019,0.0052959495,0.014679623134850186,gravity
752,0.012918935,0.005352048,0.01483512074507571,gravity
753,0.025065985,0.0053991317,0.014965629488819127,gravity
754,0.03626926,0.005436652,0.015069630156584078,gravity
755,0.046557084,0.0054643992,0.015146541912114524,gravity
756,0.055968907,0.0054824506,0.015196577728704346,gravity
757,0.06454876,0.0054911203,0.015220608860737605,gravity
758,0.07229669,0.0054892874,0.015215528479618103,gravity
759,0.07926376,0.00547775,0.015183548926107734,gravity
760,0.08552265,0.005458995,0.015131561499697615,gravity
761,0.091090225,0.00543394,0.015062112844683674,gravity
762,0.095973894,0.005403568,0.014977926437733127,gravity
763,0.10017093,0.00536891,0.014881858702478457,gravity
764,0.103670225,0.005331005,0.014776791877496863,gravity
765,0.10645208,0.005290893,0.014665606910618304,gravity
766,0.10849106,0.005249576,0.01455108278064113,gravity
767,0.10975712,0.005208002,0.014435844867442644,gravity
768,0.11020452,0.0051657124,0.014318624366490205,gravity
769,0.109805495,0.005123534,0.014201711063379849,gravity
770,0.10854825,0.0050834413,0.01409058030788519,gravity
771,0.10641334,0.0050459406,0.013986633851504135,gravity
772,0.103391826,0.005011396,0.013890881058574962,gravity
773,0.09948765,0.004980032,0.013803944069265254,gravity
774,0.094719104,0.004951945,0.013726091359000022,gravity
775,0.08911957,0.0049270988,0.01365722095874765,gravity
776,0.082737476,0.0049053454,0.013596923701634442,gravity
777,0.075635426,0.00488644,0.013544520654614445,gravity
778,0.06786791,0.0048687574,0.013495507109835254,gravity
779,0.0595174,0.0048518996,0.013448779478410392,gravity
780,0.050698984,0.004836753,0.013406795343076532,gravity
781,0.041514304,0.0048229,0.013368396903563295,gravity
782,0.03207066,0.0048099374,0.013332466372764614,gravity
783,0.022478212,0.004797494,0.013297975025133676,gravity
784,0.01284875,0.004785249,0.013264033535825127,gravity
785,0.003295345,0.004772937,0.013229906178914643,gravity
786,-0.0060694963,0.0047603617,0.01319504954981602,gravity
787,-0.015133926,0.0047474043,0.01315913321723693,gravity
788,-0.023819976,0.004732677,0.01311831075441515,gravity
789,-0.032018553,0.0047162324,0.013072729306535542,gravity
790,-0.039589286,0.0046995417,0.013026465053368278,gravity
791,-0.046427738,0.004682793,0.012980039456796558,gravity
792,-0.05243438,0.0046662358,0.012934145648085925,gravity
793,-0.057515856,0.0046501635,0.012889595507247598,gravity
794,-0.06158712,0.0046349135,0.012847324826027424,gravity
795,-0.06457336,0.00462084,0.01280831457232449,gravity
796,-0.0664132,0.0046083066,0.012773574110477075,gravity
797,-0.06706006,0.0045976695,0.01274408957137321,gravity
798,-0.06651197,0.0045880266,0.01271736077761745,gravity
799,-0.064755425,0.0045797275,0.012694357080383764,gravity
800,-0.06177681,0.004574277,0.012679248883990527,gravity
801,-0.05761413,0.0045718728,0.012672584756012885,gravity
802,-0.052330237,0.004572652,0.012674744176138121,gravity
803,-0.046010718,0.004576679,0.012685906558231989,gravity
804,-0.038763713,0.0045839613,0.012706092554250259,gravity
805,-0.030716257,0.004594436,0.012735126622568883,gravity
806,-0.022011489,0.004607984,0.012772679622642771,gravity
807,-0.012804081,0.0046244296,0.012818264942764087,gravity
808,-0.0032610134,0.0046424116,0.012868108438015797,gravity
809,0.0064599123,0.0046616755,0.012921505360407242,gravity
810,0.016204469,0.004683052,0.012980758403006812,gravity
811,0.025816862,0.004706197,0.013044912412860132,gravity
812,0.035150982,0.0047307434,0.013112951571892746,gravity
813,0.044072274,0.004756299,0.013183787780185006,gravity
814,0.052459154,0.0047824574,0.013256295506147427,gravity
815,0.060203806,0.0048087966,0.01332930404203728,gravity
816,0.06721163,0.004834885,0.013401616865167118,gravity
817,0.073400296,0.0048602847,0.013472021963882672,gravity
818,0.078705125,0.0048833885,0.013536062387979254,gravity
819,0.08306471,0.0049037333,0.013592455134704634,gravity
820,0.08641645,0.0049220473,0.013643218932735362,gravity
821,0.088708915,0.004937913,0.01368719598180106,gravity
822,0.08989413,0.004950926,0.013723267204048427,gravity
823,0.08992506,0.004960712,0.013750392257205531,gravity
824,0.08875413,0.0049669226,0.013767606953087343,gravity
825,0.08633291,0.004969238,0.013774024548342976,gravity
826,0.08261007,0.004967386,0.013768891246586812,gravity
827,0.077532016,0.0049611237,0.013751533277761841,gravity
828,0.07104287,0.004949029,0.013718008699810404,gravity
829,0.06308181,0.004930951,0.01366789931062815,gravity
830,0.053590387,0.004908042,0.013604398418876068,gravity
831,0.04251589,0.004880278,0.01352744019644514,gravity
832,0.029812535,0.0048477077,0.013437160171795106,gravity
833,0.01544797,0.0048104445,0.013333871996504232,gravity
834,-0.00058963476,0.0047686845,0.013218119075158722,gravity
835,-0.01828239,0.0047227154,0.013090699089550208,gravity
836,-0.03757293,0.004672939,0.01295272595454305,gravity
837,-0.058352027,0.0046198815,0.01280565821451353,gravity
838,-0.08046091,0.0045630387,0.012648097990205442,gravity
839,-0.103647724,0.0045033228,0.012482573855453418,gravity
840,-0.1275541,0.004443044,0.012315489207293499,gravity
841,-0.15174195,0.0043835565,0.012150598829434176,gravity
842,-0.17567873,0.004326474,0.011992373870299732,gravity
843,-0.19874686,0.0042736735,0.011846018622744288,gravity
844,-0.22026627,0.0042272536,0.011717349193811668,gravity
845,-0.23952913,0.004189456,0.011612579240694271,gravity
846,-0.25584558,0.004162532,0.011537949526276448,gravity
847,-0.26859584,0.004148571,0.011499251633404541,gravity
848,-0.27728963,0.0041482043,0.011498235815330089,gravity
849,-0.28159,0.004162591,0.011538113451175376,gravity
850,-0.2813531,0.0041932575,0.011623116901126086,gravity
851,-0.276648,0.0042398684,0.011752315536425322,gravity
852,-0.26773265,0.004301345,0.011922719986475323,gravity
853,-0.25502244,0.004375972,0.012129575138459973,gravity
854,-0.23904584,0.0044615674,0.012366833841580266,gravity
855,-0.22039667,0.0045556594,0.012627643518762159,gravity
856,-0.19968858,0.0046556722,0.012904865047045291,gravity
857,-0.17751667,0.0047590653,0.01319145610951198,gravity
858,-0.15443066,0.00486209,0.013477026190915273,gravity
859,-0.13091955,0.0049624173,0.013755118973582467,gravity
860,-0.107398316,0.005059394,0.014023924829889187,gravity
861,-0.084208935,0.0051513296,0.014278757056622803,gravity
862,-0.061624043,0.00523678,0.014515613046605574,gravity
863,-0.039857943,0.005314543,0.0147311613812223,gravity
864,-0.01907338,0.0053836363,0.014922678583805766,gravity
865,0.0006073147,0.00544328,0.015088002652736264,gravity
866,0.019092869,0.0054928884,0.015225509827991354,gravity
867,0.036315143,0.0055320575,0.015334081031717729,gravity
868,0.052219946,0.005558893,0.015408465504160779,gravity
869,0.06676071,0.005573284,0.015448354756731187,gravity
870,0.07989635,0.0055769943,0.015458639430704815,gravity
871,0.091583885,0.005570303,0.015440092683675816,gravity
872,0.10177603,0.0055536497,0.015393931690287403,gravity
873,0.11041638,0.005527629,0.015321806025506732,gravity
874,0.117440715,0.0054929773,0.015225756360713362,gravity
875,0.12277443,0.0054505826,0.015108244150885667,gravity
876,0.12633446,0.005401466,0.01497210000471142,gravity
877,0.12803225,0.005346775,0.014820504323379254,gravity
878,0.12777519,0.005286187,0.014652562619054864,gravity
879,0.12547854,0.005221146,0.014472278789663227,gravity
880,0.121079035,0.0051547205,0.014288156277992778,gravity
881,0.11454338,0.0050884252,0.014104395175548309,gravity
882,0.10588806,0.0050237942,0.013925247203724041,gravity
883,0.095197745,0.004962384,0.013755026039781501,gravity
884,0.08264507,0.0049057337,0.01359800018482897,gravity
885,0.06850739,0.0048553618,0.013458376184107421,gravity
886,0.053175904,0.0048127463,0.01334025216009003,gravity
887,0.037152015,0.0047792997,0.013247542949142512,gravity
888,0.021023441,0.004755003,0.013180195630628203,gravity
889,0.005441549,0.0047410754,0.013141590671557263,gravity
890,-0.00892351,0.0047398303,0.013138139213449146,gravity
891,-0.021455469,0.004751941,0.01317170896755383,gravity
892,-0.031638842,0.0047777183,0.013243159571530258,gravity
893,-0.039097976,0.004817032,0.013352130906899682,gravity
894,-0.043620024,0.004869281,0.01349695790972812,gravity
895,-0.045155745,0.0049333917,0.013674664116890172,gravity
896,-0.04380071,0.005007859,0.013881076542572994,gravity
897,-0.03976372,0.0050908322,0.014111067048009364,gravity
898,-0.033352684,0.005178712,0.014354656866320502,gravity
899,-0.024902282,0.0052691493,0.014605336759197044,gravity
900,-0.014730117,0.0053613223,0.01486082726702084,gravity
901,-0.0031591032,0.005453006,0.01511496119949997,gravity
902,0.009517703,0.0055420995,0.015361915995854437,gravity
903,0.023043495,0.0056266757,0.015596349253275901,gravity
904,0.037202742,0.005705008,0.015813474881014585,gravity
905,0.051820483,0.0057755816,0.01600909536906017,gravity
906,0.06675707,0.005837115,0.01617965729027292,gravity
907,0.08190674,0.005888553,0.016322235811416865,gravity
908,0.09716023,0.0059273457,0.016429764091376836,gravity
909,0.112460025,0.0059528938,0.016500579647713325,gravity
910,0.12779969,0.005966577,0.016538508255232787,gravity
911,0.1431551,0.0059682797,0.016543227227126308,gravity
912,0.15851246,0.0059580943,0.01651499471284102,gravity
913,0.17386171,0.005936331,0.016454670350035863,gravity
914,0.18919411,0.005903496,0.016363655890208748,gravity
915,0.20449838,0.0058603035,0.01624393263036639,gravity
916,0.21975464,0.0058076656,0.016098027853596188,gravity
917,0.2349332,0.0057466887,0.015929008375330036,gravity
918,0.24996509,0.0056771655,0.01573629981304807,gravity
919,0.26478654,0.005600704,0.015524359116954973,gravity
920,0.2793331,0.0055205137,0.01530208340774606,gravity
921,0.29349065,0.005438397,0.01507446787722328,gravity
922,0.30711818,0.0053562783,0.01484684589296432,gravity
923,0.32004943,0.0052761533,0.014624750888368397,gravity
924,0.33209458,0.005200073,0.014413867314261296,gravity
925,0.34304997,0.0051300526,0.01421978023393166,gravity
926,0.35270643,0.0050680256,0.014047850120649123,gravity
927,0.36086556,0.00501574,0.013902922439536305,gravity
928,0.36734128,0.0049735187,0.01378589038768027,gravity
929,0.37200466,0.0049425326,0.013700001485125906,gravity
930,0.37479445,0.004924643,0.013650413557826853,gravity
931,0.37569946,0.0049200645,0.01363772293100598,gravity
932,0.37477556,0.0049285325,0.013661195169486206,gravity
933,0.3721409,0.0049493345,0.013718855429996988,gravity
934,0.3679665,0.0049813427,0.013807577522733597,gravity
935,0.36246094,0.0050231125,0.013923357549771054,gravity
936,0.35585493,0.0050729383,0.01406146750398519,gravity
937,0.34838438,0.0051289606,0.01421675343166407,gravity
938,0.34027466,0.005187889,0.014380094912840615,gravity
939,0.3317366,0.005247667,0.01454579071697498,gravity
940,0.322957,0.0053077177,0.014712242898989434,gravity
941,0.31409296,0.0053662593,0.014874511769213158,gravity
942,0.3052736,0.005421648,0.015028040989904323,gravity
943,0.29660317,0.0054723956,0.015168706623645039,gravity
944,0.2881647,0.0055171847,0.015292855855758425,gravity
945,0.2800232,0.0055548856,0.015397357333450807,gravity
946,0.27223095,0.005584549,0.015479580513855938,gravity
947,0.2648311,0.0056054145,0.01553741631599077,gravity
948,0.257852,0.005615315,0.015564858892967841,gravity
949,0.2513293,0.005613869,0.01556085112280116,gravity
950,0.24531212,0.0056024874,0.015529302678867499,gravity
951,0.239846,0.0055811754,0.015470229050133682,gravity
952,0.23498365,0.005550111,0.015384123302043728,gravity
953,0.2307871,0.0055096364,0.015271932843068603,gravity
954,0.22733015,0.0054602507,0.015135042644992151,gravity
955,0.2246971,0.005402597,0.014975235229746805,gravity
956,0.22298543,0.00533746,0.014794684215677388,gravity
957,0.22230265,0.0052657435,0.014595896233915528,gravity
958,0.22275484,0.005187052,0.014377774149310924,gravity
959,0.22446539,0.0051026056,0.014143701010368206,gravity
960,0.22756375,0.0050150203,0.013900926944309996,gravity
961,0.23215751,0.004925515,0.013652831127399219,gravity
962,0.23833299,0.0048353216,0.013402827586074155,gravity
963,0.24614188,0.004745672,0.013154331637520326,gravity
964,0.25558695,0.00465777,0.012910679863341878,gravity
965,0.266609,0.004572778,0.012675093968638982,gravity
966,0.2790739,0.0044918084,0.012450657548557597,gravity
967,0.29276606,0.0044159056,0.012240265749147277,gravity
968,0.3073853,0.0043449434,0.012043568777907163,gravity
969,0.3225577,0.0042799027,0.011863284948515527,gravity
970,0.33785322,0.004222755,0.01170487928476809,gravity
971,0.3528046,0.004174255,0.01157044408793384,gravity
972,0.36693957,0.004135066,0.011461818672823568,gravity
973,0.37981066,0.004105729,0.011380500306230626,gravity
974,0.39102116,0.0040866258,0.01132754869163548,gravity
975,0.40024757,0.0040779416,0.011303477546437915,gravity
976,0.4072504,0.0040796427,0.01130819264608973,gravity
977,0.41187885,0.004091454,0.011340932449721895,gravity
978,0.41406405,0.0041118246,0.011397396187545235,gravity
979,0.41381258,0.0041400394,0.011475603853300268,gravity
980,0.41119555,0.004176238,0.011575941380410456,gravity
981,0.40633073,0.004219377,0.011695516204320714,gravity
982,0.39937055,0.0042683217,0.011831184064765007,gravity
983,0.39049053,0.0043219053,0.011979710349170808,gravity
984,0.37988058,0.004378965,0.012137872061690706,gravity
985,0.36773697,0.0044383905,0.012302590770167687,gravity
986,0.35425875,0.0044991374,0.012470972619299431,gravity
987,0.3396435,0.0045602713,0.012640427079383999,gravity
988,0.32407883,0.004620053,0.012806133209496248,gravity
989,0.30775887,0.004677864,0.012966376897307244,gravity
990,0.29087773,0.004734078,0.013122194612847209,gravity
991,0.27361763,0.004788246,0.013272340785033745,gravity
992,0.25615376,0.004840039,0.013415904146318486,gravity
993,0.2386536,0.00488923,0.0135522535213032,gravity
994,0.2212775,0.004935685,0.013681021047025729,gravity
995,0.20417428,0.0049793595,0.01380208023025698,gravity
996,0.18748298,0.0050202673,0.013915471084161257,gravity
997,0.17132841,0.005058485,0.014021405291285207,gravity
998,0.15583147,0.0050935266,0.014118535311514814,gravity
999,0.14109519,0.005125652,0.014207582672554803,gravity
1000,0.12718768,0.005155648,0.014290727446486184,gravity
1001,0.114167675,0.00518367,0.014368400742885663,gravity
1002,0.10207524,0.005209863,0.014441003984143521,gravity
1003,0.090932846,0.0052343546,0.01450889083500233,gravity
1004,0.0807466,0.0052572554,0.01457236849330417,gravity
1005,0.07150656,0.005278655,0.014631684782518289,gravity
1006,0.063189626,0.0052986233,0.014687034605477265,gravity
1007,0.055760797,0.0053172046,0.014738539292421252,gravity
1008,0.04919332,0.0053341356,0.014785469571162111,gravity
1009,0.04343337,0.0053495183,0.014828108115344445,gravity
1010,0.03840371,0.0053636837,0.0148673726462528,gravity
1011,0.03404288,0.005376629,0.014903255419403762,gravity
1012,0.03028761,0.005388357,0.014935764179280745,gravity
1013,0.027075859,0.005398876,0.014964920868586756,gravity
1014,0.024346607,0.0054082023,0.014990771954222278,gravity
1015,0.02204222,0.0054163598,0.015013383264296326,gravity
1016,0.020108528,0.0054233912,0.015032873547554582,gravity
1017,0.018495435,0.0054293456,0.01504937833245679,gravity
1018,0.017165208,0.0054341867,0.015062796940718567,gravity
1019,0.016073778,0.005438043,0.015073485618576953,gravity
1020,0.015176812,0.0054411017,0.015081964537167912,gravity
1021,0.01444301,0.005443451,0.015088476356971747,gravity
1022,0.013844899,0.0054451744,0.015093253412490872,gravity
1023,0.013359741,0.00544636,0.015096539654952827,gravity
1024,0.012967647,0.005447095,0.015098576454090677,gravity
1025,0.012652107,0.005447466,0.015099605179637487,gravity
1026,0.012399321,0.005447551,0.01509984138638161,gravity
1027,0.012206843,0.0054474412,0.015099536770033999,gravity
