dim,rho_arat,rho_fma,stream
0,0.6886980241348447,0.6792427212953746,acc_mean
1,0.6785206251367848,0.6564976939918131,acc_mean
2,0.6462733536766357,0.6216373493669234,acc_mean
3,-0.4998516779819364,-0.508026668802363,acc_mean
4,-0.6641852352212277,-0.655081688245908,acc_mean
5,0.7001406293078003,0.686552435282429,acc_mean
6,-0.6369631706613684,-0.6205376441945164,acc_mean
7,-0.3281669166885077,-0.30302445627269897,acc_mean
8,0.6837192752336332,0.6646495872564706,acc_mean
9,0.6500170941023523,0.6451015931334513,acc_mean
10,0.7257196293002616,0.7164633332804515,acc_mean
11,-0.7086997413379704,-0.7046070885559983,acc_mean
12,-0.3207622859354305,-0.31967779747003633,acc_mean
13,0.4220275608261236,0.42010593628435,acc_mean
14,-0.691065059187878,-0.679013809388882,acc_mean
15,0.6195878790061291,0.6078245265227866,acc_mean
16,-0.6864525541793994,-0.6667190746273295,acc_mean
17,-0.6673815455578066,-0.6580358892013194,acc_mean
18,0.6706382512931871,0.6533207679381929,acc_mean
19,0.19120486390611058,0.16141460146974348,acc_mean
20,0.6261307138763061,0.5972071901571209,acc_mean
21,0.6836356508352924,0.6748183800215765,acc_mean
22,-0.16556237131490925,-0.14618577287970133,acc_mean
23,-0.6918432306724376,-0.6725354477649339,acc_mean
24,0.6506078849906298,0.6332793758545576,acc_mean
25,-0.7183204186470767,-0.6966779203895499,acc_mean
26,-0.5361973192607657,-0.5385330470976806,acc_mean
27,-0.6476175384499642,-0.6272828119256938,acc_mean
28,0.5675231737391977,0.5284091086926307,acc_mean
29,0.6136110574247212,0.618405515389786,acc_mean
30,0.6888002317328167,0.6691396633682818,acc_mean
31,0.6775690104556668,0.6683353782914158,acc_mean
32,0.6908908416913349,0.6697544774414629,acc_mean
33,0.6859740367888941,0.6821992423038922,acc_mean
34,0.5978308237378329,0.5758340875904443,acc_mean
35,-0.6710013979859814,-0.6649566076175436,acc_mean
36,0.7108197746959046,0.689737094846404,acc_mean
37,-0.6540635858220618,-0.6278798389250597,acc_mean
38,-0.63196661286051,-0.6315996574055646,acc_mean
39,0.6165843693657247,0.6168766003927054,acc_mean
40,-0.5021521232362909,-0.47832380223287596,acc_mean
41,-0.6861738061849303,-0.6736722737870424,acc_mean
42,0.6069598205566953,0.6126046092728906,acc_mean
43,0.6458250339855311,0.6222243228028284,acc_mean
44,-0.6880778098471511,-0.6798173211147124,acc_mean
45,0.4550166116715544,0.465567376903161,acc_mean
46,0.312387457301604,0.30359828274100137,acc_mean
47,-0.6774606084578176,-0.6715215845574616,acc_mean
48,-0.3475965605451439,-0.35576713439024465,acc_mean
49,0.70501717061104,0.6927384702149778,acc_mean
50,-0.700070942309183,-0.694881425934204,acc_mean
51,-0.6061955864718591,-0.6017575876496969,acc_mean
52,-0.6545777210118602,-0.6550932885114396,acc_mean
53,-0.5431094952236143,-0.5254324805571913,acc_mean
54,0.6862566562832864,0.6761524105577243,acc_mean
55,-0.03154033557417625,0.0003410478066325711,acc_mean
56,-0.7157768431975464,-0.7071166126660271,acc_mean
57,-0.6318512421627993,-0.6185826127769037,acc_mean
58,-0.23362179136447334,-0.2128014577221572,acc_mean
59,-0.6515556281718248,-0.6251537765251054,acc_mean
60,0.23597721191773705,0.2456333025810669,acc_mean
61,-0.0940085354346814,-0.07979126643338358,acc_mean
62,0.5094104112922719,0.5108347064120747,acc_mean
63,0.686374349880951,0.6730133787048409,acc_mean
64,-0.5096999994865259,-0.5071651557488739,acc_std
65,0.5254972677730763,0.5209346709350257,acc_std
66,0.6857223892938874,0.6706059369314912,acc_std
67,-0.4096612157714968,-0.41935810583307176,acc_std
68,0.7133137949464183,0.7011687698523964,acc_std
69,0.5679025807316695,0.5583787813693474,acc_std
70,0.5493542245997063,0.522899755916099,acc_std
71,0.45978552527692956,0.4387537498021078,acc_std
72,0.6870425707676924,0.6663030117702584,acc_std
73,0.14734154407644712,0.13781115451683487,acc_std
74,0.49045709626834383,0.4660089603444019,acc_std
75,0.5708147229738867,0.5474072502294464,acc_std
76,0.6517933382671081,0.6290638393603305,acc_std
77,0.5366169898524387,0.5099499928275222,acc_std
78,0.4327407754135518,0.4115828345226775,acc_std
79,0.19168415559660046,0.15961192020611417,acc_std
80,0.6325326261492793,0.6004150502521592,acc_std
81,-0.2536173141677219,-0.2725567455291538,acc_std
82,0.701041914489917,0.6912760634069455,acc_std
83,0.355334005949458,0.3221850015269588,acc_std
84,0.6628960257468084,0.6477611473443571,acc_std
85,0.6344993481102555,0.6072128058537472,acc_std
86,0.4646705838800002,0.44098873429455254,acc_std
87,0.4221320913240495,0.3998124317631588,acc_std
88,0.6496462044097114,0.6209977880606078,acc_std
89,-0.3348522227558578,-0.36127480296471376,acc_std
90,0.46188078103535546,0.42776829834356883,acc_std
91,0.5693249698034464,0.5369499975281185,acc_std
92,0.7092533658269853,0.6850181068281002,acc_std
93,0.20032456912515725,0.1890905149753213,acc_std
94,0.7329353308570875,0.7151942642312815,acc_std
95,-0.6046508580025097,-0.6077966858855104,acc_std
96,0.3652922780518658,0.3504780491588241,acc_std
97,-0.5231883052188908,-0.535283426046728,acc_std
98,0.5074266547316336,0.4853489230388856,acc_std
99,-0.08321943944875879,-0.1021302844433347,acc_std
100,0.3867752311256008,0.35924243644355636,acc_std
101,0.6547534871083727,0.6434837427672943,acc_std
102,-0.6814815482780342,-0.680672647359918,acc_std
103,0.639142050818135,0.6286036954942391,acc_std
104,0.389176335377958,0.36073423059093557,acc_std
105,0.5219478766435033,0.4921706525225725,acc_std
106,0.5328662807268603,0.5166479861455374,acc_std
107,0.7362090711921299,0.7185962354362172,acc_std
108,0.4408213700532166,0.42863213145016427,acc_std
109,0.6537739976278077,0.6263308168010574,acc_std
110,0.618647104524796,0.5905022366797866,acc_std
111,-0.3790748177783925,-0.4027086313909117,acc_std
112,0.4784546722064961,0.45428650534908105,acc_std
113,-0.3849873724610755,-0.38928557746864056,acc_std
114,-0.13981999402568984,-0.1532023868243211,acc_std
115,0.3194846909607806,0.3075183991396873,acc_std
116,0.40990589456664184,0.37885152529837607,acc_std
117,0.6955196069994909,0.6718564455558106,acc_std
118,-0.4603252123662211,-0.4643740962554648,acc_std
119,0.6408517051842121,0.6135937252472287,acc_std
120,-0.6825539537567554,-0.6764354570366983,acc_std
121,0.6510902738810582,0.6235792338169334,acc_std
122,0.4659659877542967,0.4601639732184859,acc_std
123,0.7039393450324263,0.683394843004695,acc_std
124,0.5926732115401703,0.5639275750486868,acc_std
125,0.7318807342780128,0.7094490393889382,acc_std
126,-0.16315971846258273,-0.18419365621886455,acc_std
127,0.2478410362823349,0.22521142178799136,acc_std
128,0.03530188489953953,0.05863934226284514,gravity
129,0.03702857386527855,0.06102435685616679,gravity
130,0.03938631731849618,0.06343179862951644,gravity
131,0.04602206818682952,0.0711622155798547,gravity
132,0.05188197047055726,0.07663831426186204,gravity
133,0.060740736594781505,0.08582649791401982,gravity
134,0.07339047544378523,0.0997622835727929,gravity
135,0.08680289977765572,0.11449848755325467,gravity
136,0.09457067722352737,0.1212807761341337,gravity
137,0.10676512768156494,0.1322546273271409,gravity
138,0.11566957750488273,0.13971514476610783,gravity
139,0.12593292380123727,0.1483650760975938,gravity
140,0.11461575522579266,0.13586849671578946,gravity
141,0.10820455135300387,0.12873974687102974,gravity
142,0.098970249736231,0.11991581155656797,gravity
143,0.09708095777371835,0.11702811879020512,gravity
144,0.10754717066604762,0.12660993811940593,gravity
145,0.10117777899242916,0.1186049815514836,gravity
146,0.09596131999593421,0.1105536239214344,gravity
147,0.08562751240097778,0.09944366294618832,gravity
148,0.07671222237787508,0.08970253330368523,gravity
149,0.07106989838983013,0.08273850722947594,gravity
150,0.06992393441256838,0.07894599375163891,gravity
151,0.07305210635049915,0.08051434965152747,gravity
152,0.07202538457087136,0.07829637888186258,gravity
153,0.07066881099778852,0.07678679766066807,gravity
154,0.06944464272207848,0.07624081182964179,gravity
155,0.06580388419431847,0.07266715669483655,gravity
156,0.06011355360722608,0.06736196859166321,gravity
157,0.06197187357035326,0.06939510846385602,gravity
158,0.06310777164781477,0.07218535899975244,gravity
159,0.0567871608732284,0.06698225323325822,gravity
160,0.05643717728017278,0.06766821560170061,gravity
161,0.05331519974211911,0.06616946129500238,gravity
162,0.05452155911818251,0.06917625012082423,gravity
163,0.051727884773614626,0.0679497153786037,gravity
164,0.048774704632211674,0.06498236745558969,gravity
165,0.04315870684364437,0.05922631569875018,gravity
166,0.03659341727391293,0.05222748882794571,gravity
167,0.03324302124039154,0.04956252115979188,gravity
168,0.03295575594609146,0.04875359597671326,gravity
169,0.029615425812370335,0.045470720831236475,gravity
170,0.024834123407240994,0.03826618258500284,gravity
171,0.026617336271858465,0.03796534903221356,gravity
172,0.02112445218084834,0.028231952900064944,gravity
173,0.006163427877705182,0.009400855186905975,gravity
174,-0.005929589282345012,-0.003944090280784836,gravity
175,-0.014412819914020639,-0.014961249131777144,gravity
176,-0.023083431141978254,-0.025346580186808434,gravity
177,-0.028842674427703274,-0.032577412368247294,gravity
178,-0.03768130875232698,-0.04296197007224314,gravity
179,-0.047039498366641654,-0.05349501117504499,gravity
180,-0.060924245691140314,-0.06818249404027354,gravity
181,-0.07096149639198104,-0.07878049663005303,gravity
182,-0.07617098668861427,-0.08419240717611819,gravity
183,-0.07570408379787857,-0.08541739521626783,gravity
184,-0.07318296304790269,-0.08424963515274135,gravity
185,-0.06769859625672356,-0.0799544435018631,gravity
186,-0.06058200509793105,-0.07458429391171215,gravity
187,-0.05071122889378714,-0.06718177780040381,gravity
188,-0.04699846046745593,-0.0650372753791065,gravity
189,-0.04500850950694057,-0.06404274594752037,gravity
190,-0.04157294047510917,-0.06101352994167052,gravity
191,-0.045380173499565996,-0.06460419879925561,gravity
192,-0.050215676903619874,-0.06935102745483547,gravity
193,-0.05368841233471382,-0.07337013278605878,gravity
194,-0.055711658194568546,-0.07706520403342934,gravity
195,-0.05903185652868912,-0.08164885562052969,gravity
196,-0.06382322483361873,-0.08729277147722923,gravity
197,-0.06851625704049952,-0.09240307511946969,gravity
198,-0.07365683463850012,-0.09905544072639344,gravity
199,-0.07317134854813313,-0.0987167129728672,gravity
200,-0.07217869596782936,-0.09750564525135562,gravity
201,-0.07210436316930427,-0.0971537705302268,gravity
202,-0.07541139840368605,-0.10005925037040496,gravity
203,-0.07048839910136827,-0.09459165854978753,gravity
204,-0.06262847995732489,-0.0857344691408015,gravity
205,-0.059024113528842764,-0.08172851077718085,gravity
206,-0.0540631735272778,-0.07650529788376499,gravity
207,-0.057737226954377184,-0.08071774097385029,gravity
208,-0.06531065510410512,-0.08930039076525227,gravity
209,-0.07420658762759191,-0.09934776741779276,gravity
210,-0.07349113444178794,-0.0984878010663746,gravity
211,-0.06873538393615161,-0.09358862225681147,gravity
212,-0.0640229942296549,-0.08919134826925411,gravity
213,-0.055981888889206625,-0.0792615209741017,gravity
214,-0.042001902666597694,-0.06306368353664318,gravity
215,-0.028631290531897557,-0.04684264556812124,gravity
216,-0.021631618670785138,-0.03767534239392056,gravity
217,-0.01096718498238897,-0.02488875637382321,gravity
218,-0.006929984862495148,-0.02027571744737585,gravity
219,-0.006804548264984064,-0.01718618006076106,gravity
220,-0.005389902193053489,-0.014396702875900098,gravity
221,-0.006948568062126421,-0.013253690045507947,gravity
222,-0.010241665896784729,-0.014791885255014032,gravity
223,-0.011079458480161238,-0.014853753337849872,gravity
224,-0.010190562097798733,-0.011390687401113696,gravity
225,-0.008435998332612809,-0.007999543110674185,gravity
226,-0.006346936974063993,-0.004669493552035066,gravity
227,-0.0015261452697182053,0.0016526511627523912,gravity
228,-0.0024103958521728935,0.0027252890489187767,gravity
229,0.00420212601662136,0.00986795921231657,gravity
230,0.007432505552524126,0.014566066752663212,gravity
231,0.014487152712545725,0.023411655896117513,gravity
232,0.020425259294721738,0.027688287122144998,gravity
233,0.02588020268648468,0.033500020153536765,gravity
234,0.027572822452899694,0.03693292539989047,gravity
235,0.031937551466294685,0.04097600461321266,gravity
236,0.039587635314501615,0.04726334853140495,gravity
237,0.04299610384687074,0.05015104129776781,gravity
238,0.04364496723399599,0.05129869423437265,gravity
239,0.04612892158470933,0.05261416434566971,gravity
240,0.04897292542827857,0.055433802220913146,gravity
241,0.04950564381770837,0.05517859637921531,gravity
242,0.04990440830979607,0.05414694609792766,gravity
243,0.04681107987117394,0.0504472347443444,gravity
244,0.04730353466140265,0.05092129892907403,gravity
245,0.04998803270813679,0.05250666855174245,gravity
246,0.05280648465221304,0.05427686907188293,gravity
247,0.06153516837901838,0.06400098499160617,gravity
248,0.06785732775357402,0.06873079992440617,gravity
249,0.07667505597861253,0.07733742359790706,gravity
250,0.08398677073353339,0.08355516592290903,gravity
251,0.08660545328157346,0.08472988614575455,gravity
252,0.09658618008353574,0.09354376789675548,gravity
253,0.10126527489069308,0.09732777451320257,gravity
254,0.10180186478004606,0.09795728225605727,gravity
255,0.10106782839461083,0.09661629156059041,gravity
256,0.10651735168648131,0.10136080016306395,gravity
257,0.11424796273309043,0.10777265359796337,gravity
258,0.1140001867380068,0.10656854603577082,gravity
259,0.11097809389797121,0.10197948099142234,gravity
260,0.1071693122735451,0.0978080255062158,gravity
261,0.10211235907388523,0.09174031328209073,gravity
262,0.08674792447874655,0.07697472196228193,gravity
263,0.0812929810869836,0.07173526869712168,gravity
264,0.07825695084722456,0.06888933688667302,gravity
265,0.07851634134207772,0.06816393361542279,gravity
266,0.08141532048455613,0.07013752545788611,gravity
267,0.07322709814702695,0.06118444052050453,gravity
268,0.07083063969457752,0.05892161539078366,gravity
269,0.0773138534659375,0.06424845732294954,gravity
270,0.07593172799336165,0.061675518428014005,gravity
271,0.07857828534084862,0.06360270920835044,gravity
272,0.07919230522866523,0.06386100845419007,gravity
273,0.0716808210777082,0.05581429093035356,gravity
274,0.05557692999724183,0.03997528837334293,gravity
275,0.04385015672992461,0.027200302618777306,gravity
276,0.03695036956683029,0.02045513488759979,gravity
277,0.027688193150610507,0.01183149749131906,gravity
278,0.02319647893973516,0.008934524512530826,gravity
279,0.01612247428009765,0.002091141199851411,gravity
280,0.00739379055329231,-0.005322201825953185,gravity
281,0.0046078592085707975,-0.005855040689376862,gravity
282,0.00319166453667095,-0.004082520116130029,gravity
283,-0.0012613346749725807,-0.00811399906392049,gravity
284,-0.0068734609636166965,-0.01216171838345536,gravity
285,-0.012948618643073338,-0.016157623183615213,gravity
286,-0.01612944297995938,-0.01810260103776695,gravity
287,-0.023309526737492064,-0.024403091923561864,gravity
288,-0.02795764954526395,-0.027262170701613145,gravity
289,-0.032556991454003745,-0.02945152748296645,gravity
290,-0.0392570092210619,-0.034049872739740306,gravity
291,-0.04219702626272605,-0.03600413080631741,gravity
292,-0.0480143420472988,-0.039278499090404276,gravity
293,-0.054248231223605885,-0.04412431667852149,gravity
294,-0.05659436017705396,-0.04683259200466042,gravity
295,-0.056530867578313784,-0.04742961900402628,gravity
296,-0.055803025592755635,-0.04665781467064916,gravity
297,-0.0562180503845207,-0.044442937305126065,gravity
298,-0.05407556232703198,-0.040803547332307746,gravity
299,-0.05436282762133206,-0.04066975760317525,gravity
300,-0.05760017585709655,-0.042320088712821294,gravity
301,-0.06125874328450321,-0.04375542823461279,gravity
302,-0.06636680028314908,-0.04678155083632084,gravity
303,-0.07563826829918449,-0.05299542640614558,gravity
304,-0.07899563303256761,-0.0549705649506798,gravity
305,-0.07920933982832724,-0.05322897841885088,gravity
306,-0.06826770674543126,-0.04042847208011546,gravity
307,-0.055281921703095385,-0.026495779825484168,gravity
308,-0.05214755536528752,-0.024243008259224128,gravity
309,-0.051355446481004555,-0.022717186666285208,gravity
310,-0.05020948250374278,-0.020902131786088737,gravity
311,-0.049229993023177834,-0.020401773666153873,gravity
312,-0.05579837979284782,-0.02637900381913152,gravity
313,-0.059837128512710905,-0.03079174482739785,gravity
314,-0.0662947903845779,-0.037417816499116366,gravity
315,-0.07114423118835522,-0.042063336169052556,gravity
316,-0.08253573256232491,-0.05444468624657515,gravity
317,-0.09272087456023119,-0.06731943428471357,gravity
318,-0.09798224295583505,-0.07348458873930508,gravity
319,-0.0990856204339418,-0.07493230187766375,gravity
320,-0.09762064486300988,-0.07619363741647946,gravity
321,-0.09568257200146514,-0.07442034349219716,gravity
322,-0.09520018311103672,-0.07493539528180554,gravity
323,-0.09503293431435526,-0.0751828676131489,gravity
324,-0.09069685440039181,-0.07264704956791489,gravity
325,-0.0923608250673753,-0.07663676755979115,gravity
326,-0.09033912780748983,-0.07707835100103197,gravity
327,-0.08527365730799898,-0.07335775916949161,gravity
328,-0.07937658862500868,-0.06972068924977963,gravity
329,-0.0717404421765252,-0.06454387741849067,gravity
330,-0.06474619041530524,-0.060019773861119834,gravity
331,-0.051384869880420736,-0.04768095809054687,gravity
332,-0.040819546590058015,-0.038461067045935736,gravity
333,-0.029682789911033694,-0.027403693941100128,gravity
334,-0.02590033448608522,-0.02462813707487723,gravity
335,-0.018158108939706562,-0.019968697086302993,gravity
336,-0.012271880456501188,-0.014940368653820047,gravity
337,-0.009071698619999236,-0.013340305361478124,gravity
338,-0.0076237576487293,-0.014444650640097876,gravity
339,-0.0076918960473772975,-0.017227167665639805,gravity
340,-0.01126296757652005,-0.02273188033595872,gravity
341,-0.010347744994679909,-0.024173406666033806,gravity
342,-0.012665999148681079,-0.027303931657527338,gravity
343,-0.01950074511306596,-0.03400347167761342,gravity
344,-0.026933250665590085,-0.04145393555311952,gravity
345,-0.025581322892415055,-0.04049575362019944,gravity
346,-0.02676135606900082,-0.042374223285302645,gravity
347,-0.02757204815291506,-0.044466911187224956,gravity
348,-0.023811273127536402,-0.042370356530125414,gravity
349,-0.02108341428166262,-0.04019182666326837,gravity
350,-0.02324448553878261,-0.04085845525582456,gravity
351,-0.02995534350562568,-0.04654490541947375,gravity
352,-0.028710269130330462,-0.046731283019016724,gravity
353,-0.02787247654695395,-0.04614817633828892,gravity
354,-0.032335541658397755,-0.049698630942030725,gravity
355,-0.029795837708790598,-0.04567411215355929,gravity
356,-0.02673425556953855,-0.04299058406055471,gravity
357,-0.027496941054405335,-0.04329992447473391,gravity
358,-0.023720680029333956,-0.03885934282919146,gravity
359,-0.022432244854899103,-0.037522992239937304,gravity
360,-0.011447250972863494,-0.026864668269392867,gravity
361,-0.0033836909328607595,-0.019328362428952042,gravity
362,0.003924926622121554,-0.011549224363380536,gravity
363,0.015261452697182055,0.0006264143387128858,gravity
364,0.029901916806685774,0.014822045945396503,gravity
365,0.03934605371929508,0.024782033930931383,gravity
366,0.044870684109675305,0.030816492060532184,gravity
367,0.05159780237619572,0.03778515824095418,gravity
368,0.05552505189827119,0.0423556628604519,gravity
369,0.05778987935333245,0.04452027240867087,gravity
370,0.05955063751839547,0.047179826619576565,gravity
371,0.05717043936562339,0.045961025387710505,gravity
372,0.05261213535606932,0.04274311172921135,gravity
373,0.05026290920268269,0.042136804517420114,gravity
374,0.04839529763973987,0.04224352696031194,gravity
375,0.046480453777734215,0.04162407278091808,gravity
376,0.044558641215866855,0.04308570623791482,gravity
377,0.04490165610906075,0.04551866859543424,gravity
378,0.04030153990033632,0.04304471863303607,gravity
379,0.040942660287615194,0.04466334235022876,gravity
380,0.04351023903666927,0.048257104611955634,gravity
381,0.039993368506451056,0.046930034235126865,gravity
382,0.03977811311072215,0.04932896914708658,gravity
383,0.035022362605085816,0.045282796529622596,gravity
384,0.03308196684358718,0.04398047338592816,gravity
385,0.03613967748291604,0.04820915684775786,gravity
386,0.04339254543900454,0.05863702220973879,gravity
387,0.048684111534009214,0.06463977294688622,gravity
388,0.04859893853569922,0.06607047236246504,gravity
389,0.04344055203805199,0.06297938827377936,gravity
390,0.03762323625347925,0.05661780265618404,gravity
391,0.034643729912598654,0.05496979159964434,gravity
392,0.030889149287097094,0.05041475400085558,gravity
393,0.027771043248966593,0.04711254507949259,gravity
394,0.020554567392155998,0.04129075848463999,gravity
395,0.01538069489481605,0.03608533266503946,gravity
396,0.011103461779684964,0.03161304362704363,gravity
397,0.007104976659022959,0.02796128003765814,gravity
398,0.00033914339327071236,0.020858824128103647,gravity
399,-0.0011993906762016743,0.019222413337095668,gravity
400,-0.007396887753230856,0.012755651978679429,gravity
401,-0.014482506912637907,0.005398763578462537,gravity
402,-0.015612210590222312,0.0029944152092546833,gravity
403,-0.01870089322893663,-0.0003588348804478753,gravity
404,-0.02121659387902006,-0.0030647901534804523,gravity
405,-0.02245160235451501,-0.0045666378643204825,gravity
406,-0.025602228992000233,-0.008368431554582884,gravity
407,-0.026879823966650177,-0.010772779923790738,gravity
408,-0.027224387459813343,-0.011130841453203165,gravity
409,-0.03067699109130674,-0.015241202206609322,gravity
410,-0.031843861168153687,-0.01703228320470691,gravity
411,-0.033647980132356335,-0.01845060900371855,gravity
412,-0.03357519593380052,-0.01980087991161077,gravity
413,-0.03374709053038979,-0.02018600872726388,gravity
414,-0.03333438863857862,-0.020149661228597824,gravity
415,-0.033579841733708336,-0.020769115407991676,gravity
416,-0.03454074801464203,-0.022257816151229095,gravity
417,-0.03301073124500063,-0.021098562949092528,gravity
418,-0.03521903480118345,-0.023655261472283636,gravity
419,-0.03592442208718715,-0.025163295991407254,gravity
420,-0.03715943056268209,-0.027194115810493722,gravity
421,-0.03917183622275191,-0.029668065772891897,gravity
422,-0.03883888722935829,-0.029590730669347094,gravity
423,-0.0411153291841891,-0.03220233711605501,gravity
424,-0.040608936994236934,-0.031856649203209755,gravity
425,-0.04223264406201932,-0.03357348850190433,gravity
426,-0.04418000852337969,-0.03525630035503919,gravity
427,-0.045634918194511355,-0.036709426950646,gravity
428,0.02242837335497592,-0.017234901175994286,gravity
429,0.024324634017350293,-0.014576893667159486,gravity
430,0.025815161487775226,-0.01237903002441625,gravity
431,0.02500756660379953,-0.012787359371132796,gravity
432,0.023671899130301863,-0.0133495855739035,gravity
433,0.026244123679263754,-0.00785415311600996,gravity
434,0.02981054940849869,-0.0010161832605786814,gravity
435,0.028505853934386472,0.0008367658203547436,gravity
436,0.029541867313829878,0.006523989335039388,gravity
437,0.029414107816364884,0.01081531423074038,gravity
438,0.02889455252667391,0.01311990031637544,gravity
439,0.02453292071321746,0.012911868887839927,gravity
440,0.02819768254050121,0.02325543898695702,gravity
441,0.027207352860151347,0.02764420611312446,gravity
442,0.029238341719852436,0.035227686366727615,gravity
443,0.03975488411118307,0.04997317055961477,gravity
444,0.0479740784480977,0.06264607397750126,gravity
445,0.054648544315662864,0.07302057811803626,gravity
446,0.06083674979287641,0.08250263516366428,gravity
447,0.0614631584804472,0.0861598122102979,gravity
448,0.05994940201048318,0.08748688258712668,gravity
449,0.05808798484741744,0.08732834562485986,gravity
450,0.053490965838631555,0.08418854042094094,gravity
451,0.049861821810641076,0.08157074716594945,gravity
452,0.046613633375091675,0.07782618145231018,gravity
453,0.03708277486420309,0.06883674901626256,gravity
454,0.028920878726151542,0.05932762468439386,gravity
455,0.020820926586870903,0.04995847688994126,gravity
456,0.01313367633940142,0.04157612501672031,gravity
457,0.004593147508862707,0.032882886027249265,gravity
458,-0.0028037402443681493,0.02514241551345016,gravity
459,-0.013286213436374776,0.01288016149538656,gravity
460,-0.026923184765789813,0.0002629393520523224,gravity
461,-0.038279068340466224,-0.011433995059098786,gravity
462,-0.04992454010939661,-0.02480291440888848,gravity
463,-0.060936634490894495,-0.03684708343495575,gravity
464,-0.070265400705793,-0.04930886202016493,gravity
465,-0.08154617718195968,-0.062353747286101914,gravity
466,-0.08509943981145579,-0.0683943922239863,gravity
467,-0.0920178101741814,-0.07678602430963263,gravity
468,-0.09691370897703692,-0.0821499870915,gravity
469,-0.09676659197995602,-0.08247402117535271,gravity
470,-0.0973674487680338,-0.08404083037317037,gravity
471,-0.09835390694846048,-0.0865256072500648,gravity
472,-0.09527993600945425,-0.0837206630444949,gravity
473,-0.09146495998515106,-0.08152821285899979,gravity
474,-0.08777154905843577,-0.07902874231243184,gravity
475,-0.08117528748931888,-0.0731837551865158,gravity
476,-0.07561194209970684,-0.06857303631317478,gravity
477,-0.07022049130668409,-0.06472097480560826,gravity
478,-0.06042946800095769,-0.05703463886429052,gravity
479,-0.045169563903744915,-0.04292948932875432,gravity
480,-0.028227105939917393,-0.02732945224169712,gravity
481,-0.014722539907875169,-0.01568201229681469,gravity
482,-0.005946623882007011,-0.00882084191031997,gravity
483,0.007213378656872046,0.003596082314833233,gravity
484,0.019715226208810225,0.012676770173063732,gravity
485,0.02494949410495181,0.01495506232349356,gravity
486,0.027284782858614978,0.014219605488782506,gravity
487,0.0282890499386883,0.011122334591813238,gravity
488,0.029021537724154264,0.008528515218920622,gravity
489,0.02196611626414803,7.65617525093527e-05,gravity
490,0.017434138454071595,-0.008093891936998842,gravity
491,0.008761978626144704,-0.01830367230698343,gravity
492,-0.001062339578921044,-0.02932315121108208,gravity
493,-0.006683757467380797,-0.035556360556793024,gravity
494,-0.011392275673954316,-0.04064423701900546,gravity
495,-0.013699689628170577,-0.043282137400918616,gravity
496,-0.010802259085661433,-0.040079690763128416,gravity
497,-0.00345337793147803,-0.03200281254890943,gravity
498,0.010708568787520438,-0.01577017431485576,gravity
499,0.027509329854159516,0.0026309402225941202,gravity
500,0.03950943101605335,0.01677785071404451,gravity
501,0.05367989503488282,0.031704299049226496,gravity
502,0.06704818426962904,0.04589219714555563,gravity
503,0.07595108549297756,0.05667812403694899,gravity
504,0.08495851721425199,0.06773781719489094,gravity
505,0.09674026578047837,0.07928317480309424,gravity
506,0.10484873521959001,0.0885920012167819,gravity
507,0.1109866111978022,0.09594656956389243,gravity
508,0.121489990489394,0.10753291477697449,gravity
509,0.13374948214614102,0.1187550116523605,gravity
510,0.1421057275803363,0.12738870261210208,gravity
511,0.14336396505537033,0.12887353660016224,gravity
512,0.14043014241358326,0.1255558606580903,gravity
513,0.138097176559874,0.12303241622942344,gravity
514,0.13494035552251168,0.11937059907657713,gravity
515,0.13034488511369507,0.11511871508368397,gravity
516,0.1263192994935708,0.11089389837703154,gravity
517,0.12198786537951517,0.10608288158550946,gravity
518,0.11695801267931757,0.10103985948335302,gravity
519,0.10916778053389145,0.09258094585762272,gravity
520,0.09986688911843987,0.08407717787183644,gravity
521,0.09690983747711374,0.08086081091540817,gravity
522,0.09441272002666157,0.07871089503686272,gravity
523,0.08491205921517381,0.06889629704599205,gravity
524,0.07784812045533657,0.061640717631418845,gravity
525,0.06669742637658879,0.049457345418970955,gravity
526,0.051019400287672385,0.03416510204402206,gravity
527,0.03780597104985342,0.021391662991527324,gravity
528,0.020378801295643557,0.004658666637538794,gravity
529,0.009107316419292508,-0.004623092489908186,gravity
530,-0.0018459311633730094,-0.012975283672746663,gravity
531,-0.009246690416527046,-0.019118784298345633,gravity
532,-0.019264583617751876,-0.028492572199010927,gravity
533,-0.02308420544196289,-0.03214124238425462,gravity
534,-0.029683564211018327,-0.036513769138677654,gravity
535,-0.030867468887527276,-0.03544190460354672,gravity
536,-0.030972773685437816,-0.03477836941513233,gravity
537,-0.028165936241131125,-0.030043914376119623,gravity
538,-0.03133514607824762,-0.03190614366947843,gravity
539,-0.0338880131275936,-0.03362530302127934,gravity
540,-0.03616522938240904,-0.036020371178061825,gravity
541,-0.03903246222551737,-0.03851210821427531,gravity
542,-0.03991593850798742,-0.03844869342936857,gravity
543,-0.04301468704650201,-0.04258612146901541,gravity
544,-0.05206470526693143,-0.05226306297557632,gravity
545,-0.060142977006642256,-0.06124321519919858,gravity
546,-0.07051472530084589,-0.07108797388045171,gravity
547,-0.07997821971307112,-0.08146557142512852,gravity
548,-0.08486250401615708,-0.08744744168431884,gravity
549,-0.08164064178008532,-0.08413208579535325,gravity
550,-0.07707459477068487,-0.07928858826034237,gravity
551,-0.07552831770136613,-0.07954920755928835,gravity
552,-0.07744703306329494,-0.08040298710242294,gravity
553,-0.07101414879093632,-0.07421927222298068,gravity
554,-0.0699990415110781,-0.07403212127240227,gravity
555,-0.06755457645958121,-0.07185668480968703,gravity
556,-0.06370862843589256,-0.06844311333921953,gravity
557,-0.05658274567728442,-0.06139711205525272,gravity
558,-0.05470816541447986,-0.06026492613935685,gravity
559,-0.045977933087705244,-0.05137912274205925,gravity
560,-0.032354899158013664,-0.03856392273365032,gravity
561,-0.02312214614121007,-0.028448491189990387,gravity
562,-0.012446872253028997,-0.017825741367076563,gravity
563,-0.0026790779468417003,-0.006687166403518917,gravity
564,0.006757315965921248,0.0031869796170812367,gravity
565,0.014875077004848527,0.011378313784546528,gravity
566,0.025721471189634228,0.02415639294325395,gravity
567,0.027919708846016772,0.028266753696660107,gravity
568,0.03399564082545805,0.0350552290858227,gravity
569,0.0410727426850341,0.04236648977494817,gravity
570,0.04914946582477565,0.05127936045848645,gravity
571,0.050561788996752316,0.05361488058553944,gravity
572,0.05826375094392989,0.06148914082847104,gravity
573,0.06629246748462399,0.07018160646690663,gravity
574,0.06813839864799699,0.07304609870220606,gravity
575,0.07259914085948689,0.07815794904651738,gravity
576,0.08195733047380158,0.08759824513623121,gravity
577,0.08198443097326384,0.08833834207715496,gravity
578,0.08337894524559389,0.08995464574124129,gravity
579,0.08507930801185526,0.09269540181086902,gravity
580,0.08251637506270901,0.08955250320280833,gravity
581,0.07757866406068313,0.08355748597601537,gravity
582,0.0738589269344902,0.08183291316696631,gravity
583,0.06948103482135638,0.07682237180829868,gravity
584,0.056935052170293945,0.0636924179284624,gravity
585,0.04494888840812357,0.05032272522763726,gravity
586,0.026422986975714748,0.03316593250622323,gravity
587,0.012254845856839187,0.016770117203690035,gravity
588,0.002860264143246601,0.006915304958976079,gravity
589,0.0012063593760634015,0.005101023429815055,gravity
590,0.00068138398647997,0.00502136827316391,gravity
591,0.004236195215945359,0.008981698925693154,gravity
592,0.004257875615515176,0.009431789228323896,gravity
593,0.0040387487198630945,0.010916623216384067,gravity
594,0.0022818620547232628,0.010475813126178703,gravity
595,0.0008586986829616895,0.009336667050963789,gravity
596,-0.007437151352431945,0.0011638933083492505,gravity
597,-0.015849146385521026,-0.006213875569824736,gravity
598,-0.02174311786857277,-0.012497352732839794,gravity
599,-0.02714308596142653,-0.01826887151038827,gravity
600,-0.02324061403885943,-0.014242806019845946,gravity
601,-0.0211128376810788,-0.011596398776542867,gravity
602,-0.017034599661999248,-0.006027497970281767,gravity
603,-0.0218716516660224,-0.011164868898762876,gravity
604,-0.022255704458402022,-0.012799732987699965,gravity
605,-0.02336063053647806,-0.014840606370247256,gravity
606,-0.02690460156615854,-0.020540976852534518,gravity
607,-0.040389810098584854,-0.03715101039188681,gravity
608,-0.0503163359016226,-0.050472755328514175,gravity
609,-0.05994630481054464,-0.06294922758339688,gravity
610,-0.06105277948858994,-0.0655770744018492,gravity
611,-0.05940506912128384,-0.06409301376482449,gravity
612,-0.05843796844047306,-0.0634457189481545,gravity
613,-0.05477010941325077,-0.060281166511101256,gravity
614,-0.0592765353238342,-0.06599545731202658,gravity
615,-0.05933228492272802,-0.06717404429004933,gravity
616,-0.06341671734168465,-0.0709093297912632,gravity
617,-0.06691577897225623,-0.07425561972164674,gravity
618,-0.0707067516970357,-0.07731499641787905,gravity
619,-0.07090187529316407,-0.07856009158495035,gravity
620,-0.06695449397148805,-0.07394627930746753,gravity
621,-0.06423824962538381,-0.07226501415640357,gravity
622,-0.06237373526237952,-0.07100909207483601,gravity
623,-0.05904269672847404,-0.06688249094968544,gravity
624,-0.058475134839735605,-0.06564435594193319,gravity
625,-0.052105743166117165,-0.059479974838377116,gravity
626,-0.043226845242292374,-0.05132653487164878,gravity
627,-0.03797089694658096,-0.044079462318465504,gravity
628,-0.026412921075914475,-0.03228508567684795,gravity
629,-0.012249425756946732,-0.017910809980975842,gravity
630,0.0013883198724529387,-0.004307565267445399,gravity
631,0.00976547140623339,0.0033083957296465745,gravity
632,0.02005127240214239,0.012509726349406962,gravity
633,0.03376257653008251,0.024917370362134785,gravity
634,0.043965527427635424,0.03373589221934841,gravity
635,0.05812669984664925,0.04564627151628318,gravity
636,0.07252558236094643,0.05867336970840485,gravity
637,0.08416640832996904,0.069127529005591,gravity
638,0.09662566938275219,0.08024367678912066,gravity
639,0.10461954242413767,0.08704761919899222,gravity
640,0.11191112537945797,0.09192282412645646,gravity
641,0.1118305981810558,0.08973578739820949,gravity
642,0.1140048325379146,0.08966927920916097,gravity
643,0.11598394329864506,0.0904140162562974,gravity
644,0.11309270715601302,0.08631370906635208,gravity
645,0.11328705645215673,0.08549163691567084,gravity
646,0.11173845648288408,0.08353660549805828,gravity
647,0.1033225899498718,0.07591600439475361,gravity
648,0.09934578522877963,0.0732046356644729,gravity
649,0.10014176561298578,0.07554479589773858,gravity
650,0.10634777998984596,0.08510341469587593,gravity
651,0.11228820947197586,0.09424906404108406,gravity
652,0.11025412341233624,0.09414388830026313,gravity
653,0.10484873521959001,0.08990128451979539,gravity
654,0.098782869139949,0.08445689323024139,gravity
655,0.09751069426519152,0.08333785428194813,gravity
656,0.09883010143901182,0.08364642134509188,gravity
657,0.09721336307109117,0.0813395152063505,gravity
658,0.09661560348295192,0.0803813332734304,gravity
659,0.09329153364890816,0.07630345326351307,gravity
660,0.09191018247631695,0.07425948647682398,gravity
661,0.08798912735411858,0.06989159982861363,gravity
662,0.0794493728235645,0.06168479864043939,gravity
663,0.07696077267294334,0.058787052310615706,gravity
664,0.07490732911368779,0.05534022674562394,gravity
665,0.06842721254226634,0.047963231218485405,gravity
666,0.06392233523165218,0.04354198334882914,gravity
667,0.058712070635034315,0.03743792362603802,gravity
668,0.05248282725863505,0.032081694354525125,gravity
669,0.04434183722016868,0.02298012601833753,gravity
670,0.032324701458612846,0.012420790980330443,gravity
671,0.020868933185918353,0.0016835852041703115,gravity
672,0.01043833809288236,-0.008600436865217286,gravity
673,0.0010367876794280452,-0.016792544383718026,gravity
674,-0.01024631169669255,-0.027790369458824137,gravity
675,-0.017778701947234764,-0.034612098942511,gravity
676,-0.028826414128025914,-0.04538333216423086,gravity
677,-0.037762610250713785,-0.05550649721824526,gravity
678,-0.053474705538954184,-0.07096346436374458,gravity
679,-0.06896380243161931,-0.08502453289026024,gravity
680,-0.07591159619376112,-0.09213781571431102,gravity
681,-0.08212225637052911,-0.09646239470453627,gravity
682,-0.08175833537775003,-0.09388481570338805,gravity
683,-0.08011991661025955,-0.08864922919340504,gravity
684,-0.07744548446332568,-0.08198062321473687,gravity
685,-0.07698709887242096,-0.0780550933588028,gravity
686,-0.07421820212736147,-0.0734946423027659,gravity
687,-0.06995413211196919,-0.06778035150184059,gravity
688,-0.06886004623367806,-0.0638710620176509,gravity
689,-0.06819027674696763,-0.059559629995028264,gravity
690,-0.06419721172619808,-0.050714814202609405,gravity
691,-0.058713619235003595,-0.041204916519705266,gravity
692,-0.05348632003872374,-0.03443345485332251,gravity
693,-0.056492926879066596,-0.03561204183134528,gravity
694,-0.06066950099619497,-0.03929628616421959,gravity
695,-0.0626052509577858,-0.04141217459720533,gravity
696,-0.061748875174778,-0.042076483136655164,gravity
697,-0.05950805101924047,-0.040036383105143326,gravity
698,-0.05806707874783226,-0.03867141852757759,gravity
699,-0.06242793626130407,-0.0440987960943517,gravity
700,-0.06253169245924534,-0.04540807939736518,gravity
701,-0.06837920594321889,-0.050196669008859246,gravity
702,-0.06905904132972959,-0.051936708838617264,gravity
703,-0.06901568053058996,-0.05152451273672347,gravity
704,-0.07155306158024322,-0.054666637993748726,gravity
705,-0.07342996474300167,-0.056673483930736304,gravity
706,-0.07428401762605553,-0.056171579108730545,gravity
707,-0.07766228845902384,-0.05916367426487888,gravity
708,-0.07944240412370278,-0.060281166511101256,gravity
709,-0.07944782422359524,-0.05971971365936601,gravity
710,-0.08177769287736594,-0.06257337898016915,gravity
711,-0.08125658898770569,-0.061377778279366524,gravity
712,-0.07902737933193771,-0.059199248412509495,gravity
713,-0.0810351391920997,-0.061519301518853514,gravity
714,-0.08041569920439064,-0.06080240510899321,gravity
715,-0.0787331453377759,-0.05847848524747194,gravity
716,-0.07919617672858843,-0.058771585289906746,gravity
717,-0.07927515532702134,-0.05809412978285429,gravity
718,-0.08026703360734046,-0.05891620193353552,gravity
719,-0.08072929069816835,-0.05833850871005586,gravity
720,-0.08069986729875216,-0.05791316564055945,gravity
721,-0.08068825279898262,-0.05755742416425337,gravity
722,-0.0813464077859235,-0.05802684824277032,gravity
723,-0.08153378838220551,-0.05823565302234127,gravity
724,-0.08157095478146804,-0.05839883009082081,gravity
725,-0.0830490934521388,-0.05920466186975763,gravity
726,-0.08307387105164717,-0.058970336506016886,gravity
727,-0.08368943953943303,-0.05956891020745363,gravity
728,0.01503845430160679,0.02607971696841314,gravity
729,0.01385532392508248,0.026581621790418897,gravity
730,0.015320299496014416,0.02921565541715481,gravity
731,0.019784138907442857,0.034871171539386084,gravity
732,0.023313398237415246,0.039673681469518204,gravity
733,0.03459959481347438,0.050487448998187696,gravity
734,0.0471107339652282,0.060728163409590204,gravity
735,0.05381772043214808,0.06791646128407942,gravity
736,0.07019648800716036,0.08403928367109947,gravity
737,0.08452723212280955,0.09681813618084235,gravity
738,0.10163074448344142,0.11403679698509221,gravity
739,0.12252213236891422,0.13462726830389543,gravity
740,0.1325260881704156,0.14404900396875847,gravity
741,0.1340684937398112,0.14383014562572669,gravity
742,0.12886984364296286,0.13755440197306612,gravity
743,0.12493717402099495,0.1310938274229335,gravity
744,0.11724450367363302,0.1233556769622407,gravity
745,0.10531641241031035,0.11164172882830975,gravity
746,0.09333721734800171,0.10022552084302627,gravity
747,0.08452181202291709,0.0912500087256167,gravity
748,0.07027701520556254,0.0772399813674406,gravity
749,0.055038017207934935,0.06198563219322866,gravity
750,0.04236427505940749,0.04798179164333615,gravity
751,0.03674440577091701,0.04253894705585308,gravity
752,0.03330961103907026,0.04104637955743842,gravity
753,0.03677537777030247,0.04552794880785963,gravity
754,0.03714704176292791,0.04618143043281319,gravity
755,0.0333978812373188,0.04151503028491992,gravity
756,0.028986694224845632,0.03715642384913495,gravity
757,0.021887911965699766,0.029391979453236957,gravity
758,0.00952466411101149,0.016578326146898928,gravity
759,-0.0010135586798889552,0.004448315155896937,gravity
760,-0.008888963823625062,-0.005248733477585624,gravity
761,-0.01911669232068634,-0.015568329694603832,gravity
762,-0.029549610313676245,-0.02697603081849738,gravity
763,-0.036177618182163224,-0.034243983849637755,gravity
764,-0.042378212459130954,-0.040322522988259085,gravity
765,-0.04928187112214847,-0.047759839896162566,gravity
766,-0.058309434643023426,-0.05688074200823636,gravity
767,-0.05747861075950865,-0.05537580089325455,gravity
768,-0.04943363391913719,-0.04807459376758991,gravity
769,-0.04996170650865916,-0.048678580926274806,gravity
770,-0.04337938233926573,-0.043914738547915076,gravity
771,-0.0386600239329073,-0.04011758496386536,gravity
772,-0.03497203310608446,-0.03777510467749335,gravity
773,-0.0334063985371498,-0.03850282800184993,gravity
774,-0.03319656324131336,-0.03942852919128119,gravity
775,-0.041048739385510374,-0.04841486822318703,gravity
776,-0.05179292597232408,-0.06010252242191276,gravity
777,-0.06360177503801275,-0.07219695926528415,gravity
778,-0.07739128346440115,-0.08608247710675311,gravity
779,-0.09123886438963724,-0.10107079352477094,gravity
780,-0.10192110697768006,-0.11284351633739595,gravity
781,-0.11923677753410229,-0.1314371952826724,gravity
782,-0.12856244654906224,-0.14267707923187373,gravity
783,-0.13219546207697588,-0.14645025893382455,gravity
784,-0.13744134447288703,-0.15172760639972174,gravity
785,-0.14233259747583474,-0.15653939654227925,gravity
786,-0.14302172446216108,-0.1575084053896956,gravity
787,-0.15190294528593976,-0.1661127090100901,gravity
788,-0.15779304526906832,-0.1718068926840938,gravity
789,-0.15890029424709828,-0.17150605913130454,gravity
790,-0.16053174431472703,-0.17143645753811423,gravity
791,-0.16045044281634022,-0.16924478070365456,gravity
792,-0.1594322383365434,-0.16635631458625624,gravity
793,-0.15200128138398855,-0.15835599812454665,gravity
794,-0.14332292715618458,-0.147923492656353,gravity
795,-0.1372702241762824,-0.14180473926388837,gravity
796,-0.13684281058476316,-0.14114739088375755,gravity
797,-0.13837282735440454,-0.14183103319909363,gravity
798,-0.14029076841634872,-0.14283716289621146,gravity
799,-0.13318269455738724,-0.13666736833540724,gravity
800,-0.12904251253953677,-0.13351982962113387,gravity
801,-0.11878381204309003,-0.12490779249038486,gravity
802,-0.10835321695005405,-0.11614881866290074,gravity
803,-0.09859239134372848,-0.1059142910597818,gravity
804,-0.09006579991291322,-0.09889613041309113,gravity
805,-0.09111575069208008,-0.09937792810817524,gravity
806,-0.08754700206289122,-0.09548797239987178,gravity
807,-0.08899726593411508,-0.09641908704655117,gravity
808,-0.08147107008344995,-0.08900497066971114,gravity
809,-0.07727204126676712,-0.0838188786259968,gravity
810,-0.07271373725721307,-0.07759185608856944,gravity
811,-0.07182716377480447,-0.0767357564923285,gravity
812,-0.07085774019403979,-0.07302676492631988,gravity
813,-0.06675007877554405,-0.06728231343501205,gravity
814,-0.06159246657788147,-0.05905617847095161,gravity
815,-0.051368609580743366,-0.046028306927794485,gravity
816,-0.04221406086238805,-0.03549835922913442,gravity
817,-0.0349217036070831,-0.027259077297471353,gravity
818,-0.027332789457662432,-0.017838888334679177,gravity
819,-0.019307170116906875,-0.007415663078910941,gravity
820,-0.009441814012655403,0.0027191022406351933,gravity
821,-0.00360514072846675,0.01104035938205575,gravity
822,0.005652389887845206,0.02000659128703994,gravity
823,0.017847614645867396,0.03399883157140073,gravity
824,0.03482414180901892,0.0507179076067512,gravity
825,0.04407470372546915,0.06010716252812545,gravity
826,0.05209412866634761,0.06936185436933175,gravity
827,0.05899469012942658,0.0767744240441009,gravity
828,0.06177132987433246,0.07958478170691896,gravity
829,0.06441633862185016,0.08219097469637876,gravity
830,0.05854017603844505,0.07650993798997768,gravity
831,0.0566400438761475,0.0752841765987926,gravity
832,0.0603845586018488,0.07743409247733805,gravity
833,0.059055859828212855,0.07645580341749632,gravity
834,0.06469818381625778,0.0808321969270966,gravity
835,0.0674500459616553,0.08112761702263774,gravity
836,0.0692231929264725,0.08017871530214303,gravity
837,0.07217792166784473,0.08133023499392511,gravity
838,0.07895614373335115,0.08531144612441145,gravity
839,0.08322331094868196,0.08650782017624951,gravity
840,0.08839176334612947,0.0903382278548235,gravity
841,0.09395201153580296,0.09348885997323868,gravity
842,0.09391794233647895,0.09250283740304246,gravity
843,0.09866207834234575,0.09458083163529125,gravity
844,0.1041534138333866,0.09804931102927558,gravity
845,0.10349758174639963,0.0957733389319521,gravity
846,0.09678827237952582,0.08825636686739745,gravity
847,0.08765850126067887,0.07860958605121901,gravity
848,0.07846910904301489,0.0688939769928857,gravity
849,0.0626292542573095,0.0523094640377032,gravity
850,0.04677081627197284,0.03622685590452645,gravity
851,0.02352400783323633,0.012581647995703627,gravity
852,0.013925785223684385,0.002399708262995166,gravity
853,0.0023678093530178955,-0.008926017651140896,gravity
854,-0.00909028181963051,-0.019889041929651848,gravity
855,-0.011499903371818767,-0.022756627569093055,gravity
856,-0.007269902555750498,-0.020003497882898152,gravity
857,-0.01046931009226781,-0.02390041375052066,gravity
858,-0.012784467046330437,-0.028968956436846896,gravity
859,-0.01630056327656401,-0.035257073706074636,gravity
860,-0.026425309875668653,-0.04600046629051835,gravity
861,-0.026658374171044188,-0.04731206964663818,gravity
862,-0.031232938480275623,-0.05165443571067873,gravity
863,-0.03710832676369609,-0.05880097262925377,gravity
864,-0.04203984336584487,-0.06473644182631721,gravity
865,-0.050509136597797044,-0.07299660423593739,gravity
866,-0.05533689700200456,-0.07755009513265526,gravity
867,-0.06400131383008509,-0.08530525931612787,gravity
868,-0.0689312818322646,-0.09038385556591491,gravity
869,-0.07354688404068176,-0.09374483916597197,gravity
870,-0.07475092051679126,-0.0955529338868494,gravity
871,-0.07565762579880041,-0.09659618443366877,gravity
872,-0.07506064051064579,-0.09603086482675627,gravity
873,-0.06936411552367631,-0.09005518137584952,gravity
874,-0.06979307771516484,-0.08976053463134384,gravity
875,-0.0703869658033809,-0.09033126769550445,gravity
876,-0.07371180993740929,-0.09469064748232488,gravity
877,-0.07511716440952422,-0.09548023888951729,gravity
878,-0.07733166236558414,-0.09731230749249363,gravity
879,-0.07829411724648709,-0.09850094803397721,gravity
880,-0.08374983493823467,-0.10253397368383857,gravity
881,-0.08804023115310457,-0.10382546991303675,gravity
882,-0.09266744786129127,-0.1063172069492502,gravity
883,-0.09756721816406996,-0.10856611176033303,gravity
884,-0.10427885043089767,-0.11251793555147233,gravity
885,-0.11693865517970166,-0.12199303243778131,gravity
886,-0.1245655100283695,-0.12660761806629958,gravity
887,-0.12610559269781116,-0.1252836410936126,gravity
888,-0.13041457211231233,-0.12802285046116943,gravity
889,-0.1360421844006492,-0.13389026476711346,gravity
890,-0.13734068547488432,-0.1327356516711896,gravity
891,-0.1325663517696167,-0.12634854546942448,gravity
892,-0.12507499941826022,-0.1181053967825842,gravity
893,-0.1236038294474512,-0.11616351233257426,gravity
894,-0.11577720520274716,-0.10623213833535095,gravity
895,-0.09741468106709661,-0.0872680242440949,gravity
896,-0.08398212493362557,-0.07151254359891267,gravity
897,-0.06219332336595926,-0.04699886247728173,gravity
898,-0.05252076795788223,-0.03525011354675561,gravity
899,-0.03817066634261714,-0.01982098703853242,gravity
900,-0.02783531014769141,-0.007680149133034158,gravity
901,-0.0222255067590012,-0.0015250482419034697,gravity
902,-0.018612623030688086,0.004091800328555406,gravity
903,-0.017675720049278133,0.004900725511634021,gravity
904,-0.02200095976345667,0.0009450349653174647,gravity
905,-0.019164698919733793,0.003282101794441342,gravity
906,-0.008939293322626425,0.013283850735890418,gravity
907,0.005610577688674844,0.026331829405969193,gravity
908,0.013183231538418147,0.03289603299485188,gravity
909,0.015799591186504303,0.03524238003640113,gravity
910,0.0249812404043219,0.04379950924363332,gravity
911,0.03058407509315038,0.05075889521162995,gravity
912,0.03735455415881044,0.0570601594484603,gravity
913,0.04386409412964807,0.06292602705233344,gravity
914,0.04906042132654248,0.06673478090191487,gravity
915,0.05378907133271653,0.07022568747592718,gravity
916,0.052086385666501256,0.06702401418917242,gravity
917,0.053895150430611716,0.0691932638436041,gravity
918,0.06563586109765238,0.07851291717178802,gravity
919,0.07571414969767884,0.08704375244381499,gravity
920,0.08250553486292408,0.09190117029746393,gravity
921,0.09269222546079964,0.09999351553239187,gravity
922,0.09908174893401864,0.1037651485322718,gravity
923,0.10555799400551688,0.10777033354485703,gravity
924,0.11332344855143464,0.11352483859962566,gravity
925,0.11924916633385649,0.11663834986833932,gravity
926,0.12406066643838663,0.1198725038985829,gravity
927,0.13595159130244674,0.12816669375376274,gravity
928,0.14326408035735225,0.13457313373141405,gravity
929,0.15187507048649285,0.14288665736248013,gravity
930,0.16009581342337675,0.150169304063294,gravity
931,0.1639502787468964,0.1518327821405427,gravity
932,0.1597899649294454,0.14667917084031715,gravity
933,0.1592587951399849,0.14355792606124898,gravity
934,0.15376126524906694,0.13479121872341038,gravity
935,0.14446656823349247,0.12250421747221245,gravity
936,0.14491721082455078,0.1221794100373243,gravity
937,0.15083595990711088,0.127374782293464,gravity
938,0.15594401690575674,0.1313907942205455,gravity
939,0.15827543415949674,0.13235284290864283,gravity
940,0.16170248589149716,0.13517944094320528,gravity
941,0.1637133429515977,0.1381096680165178,gravity
942,0.17124418460217067,0.14579677730887097,gravity
943,0.1755492925167486,0.15087537355865804,gravity
944,0.1771753224844849,0.15409947402544077,gravity
945,0.17912810704573776,0.15655254350988185,gravity
946,0.17510252142561344,0.15377079983537537,gravity
947,0.16871377225237913,0.14778119606583057,gravity
948,0.15903269954447108,0.13895803410240423,gravity
949,0.14468027502925207,0.12477168270814601,gravity
950,0.13493183822268068,0.11463150393135174,gravity
951,0.12786325366293563,0.10786777577532349,gravity
952,0.11785078056160325,0.09961302682295144,gravity
953,0.10465051442352312,0.08685196138702388,gravity
954,0.08682148297728699,0.0707252722448266,gravity
955,0.0719812494717471,0.05821786594852597,gravity
956,0.05989829821149718,0.047503087352393836,gravity
957,0.048646945134746676,0.03612168016370551,gravity
958,0.037850880448962336,0.026566154769709936,gravity
959,0.025003695103876355,0.015598490384986305,gravity
960,0.015781782286857667,0.00810162544735332,gravity
961,0.008778238925822067,0.002985908347864755,gravity
962,0.0012110051759712192,-0.0024360557616612223,gravity
963,0.002368583653002532,0.0014415263300750852,gravity
964,0.004674449007249522,0.005548020328304003,gravity
965,-0.0030097040402814125,-0.0005900668400468293,gravity
966,-0.005750725985894019,-0.0002969667976120347,gravity
967,-0.0090538897203526,-0.00026139264998142637,gravity
968,-0.012467004052629542,-0.0013224302706160921,gravity
969,-0.013272276036651324,0.0006024404566139975,gravity
970,-0.010357036594495543,0.005625355431848803,gravity
971,-0.012243231357069643,0.0058774678694048545,gravity
972,-0.017970728343424572,0.00237882778503807,gravity
973,-0.024547632412925555,-0.0026819813909336886,gravity
974,-0.02670250927016846,-0.004090253626484509,gravity
975,-0.03388569022763969,-0.00854475559066503,gravity
976,-0.04488849300932193,-0.01740813180793464,gravity
977,-0.05412047172614089,-0.02499857222085683,gravity
978,-0.06679266527469906,-0.037966122383249014,gravity
979,-0.07861312884015727,-0.047737412716134575,gravity
980,-0.09028337820859601,-0.059419653457612166,gravity
981,-0.09792571905695659,-0.06558480791220368,gravity
982,-0.10782979016043988,-0.07388827797980894,gravity
983,-0.11514769931523783,-0.08175635141445696,gravity
984,-0.12254613566843796,-0.08840330356413258,gravity
985,-0.12497356612027286,-0.09179212780146576,gravity
986,-0.13010640071842708,-0.09804621762513377,gravity
987,-0.1304199922122048,-0.09918149694517145,gravity
988,-0.13141264479250858,-0.10128423841055458,gravity
989,-0.1334746056515951,-0.10323617642402536,gravity
990,-0.13395467164206964,-0.10508835215392333,gravity
991,-0.13229612107497862,-0.10418817154866185,gravity
992,-0.13149317199091073,-0.10431577446951076,gravity
993,-0.13186638458350544,-0.10543172001366224,gravity
994,-0.13107040419929933,-0.1056629519732612,gravity
995,-0.13354971275010485,-0.10813767528669484,gravity
996,-0.1391471273390409,-0.11435077750548413,gravity
997,-0.1428521527655257,-0.11904192488651173,gravity
998,-0.14272749046799926,-0.12030867388257556,gravity
999,-0.144469665433431,-0.12334949015395712,gravity
1000,-0.14055093321118653,-0.1200998691030046,gravity
1001,-0.13874526564701462,-0.12029088680876027,gravity
1002,-0.13552727491086602,-0.11707993330958012,gravity
1003,-0.13038127721297296,-0.11202376423982106,gravity
1004,-0.1267931710841682,-0.10933946279578102,gravity
1005,-0.12323216545482575,-0.10736045749606958,gravity
1006,-0.12246173697011262,-0.10687247299270189,gravity
1007,-0.11965877102572908,-0.10515795374711365,gravity
1008,-0.11686199948122268,-0.10376746858537814,gravity
1009,-0.1128170563614825,-0.10116746240420194,gravity
1010,-0.10828352995143678,-0.0978482397600591,gravity
1011,-0.10337214514888853,-0.09382990777987125,gravity
1012,-0.0945520940238961,-0.08646915262447712,gravity
1013,-0.09126286768916098,-0.0848675426300643,gravity
1014,-0.0900464424132973,-0.08428366259830104,gravity
1015,-0.0885288144434101,-0.08280656212059535,gravity
1016,-0.08650711718352465,-0.08206105172242348,gravity
1017,-0.0859991763936032,-0.08190174140912117,gravity
1018,-0.08562906100094704,-0.0822257754929739,gravity
1019,-0.08462711682082764,-0.08151815929553897,gravity
1020,-0.08245985116383053,-0.07997609733085564,gravity
1021,-0.08009591331073583,-0.0779970920311442,gravity
1022,-0.08124265158798223,-0.07944712522260922,gravity
1023,-0.08117141598939569,-0.07974099861607946,gravity
1024,-0.08087253619532607,-0.07956158117585553,gravity
1025,-0.07937349142507014,-0.07843248866410142,gravity
1026,-0.07896233813322824,-0.07820125670450247,gravity
1027,-0.07981561671629749,-0.07874492248242242,gravity
